image_name,f0,f1,f2,f3,f4,f5,f6,f7,f8,f9,f10,f11,f12,f13,f14
1-identity_function(exp(x)).png,8,7,6,7,6,7,6,7,6,7,6,7,6,7,6
2-tan(sin(x)).png,9,11,6,7,6,7,6,7,6,7,6,7,6,7,6
3-(constant(x) power tan(x)).png,11,5,4,7,6,7,6,7,6,7,6,7,6,7,6
4-tan((constant(x) add x)).png,7,5,0,11,6,7,6,7,6,7,6,7,6,7,6
5-tan((constant(x) subtract x)).png,7,5,1,11,6,7,6,7,6,7,6,7,6,7,6
6-(constant(x) multiply identity_function(x)).png,7,5,3,7,6,7,6,7,6,7,6,7,6,7,6
7-sin((constant(x) power x)).png,7,5,4,9,6,7,6,7,6,7,6,7,6,7,6
8-square(tan(x)).png,11,10,6,7,6,7,6,7,6,7,6,7,6,7,6
9-(constant(x) multiply identity_function(x)).png,7,5,3,7,6,7,6,7,6,7,6,7,6,7,6
10-(constant(x) multiply sin(x)).png,9,5,3,7,6,7,6,7,6,7,6,7,6,7,6
11-(constant(x) add sin(x)).png,9,5,0,7,6,7,6,7,6,7,6,7,6,7,6
12-square(square(x)).png,10,10,6,7,6,7,6,7,6,7,6,7,6,7,6
13-(constant(x) subtract square(x)).png,10,5,1,7,6,7,6,7,6,7,6,7,6,7,6
14-sin(tan(x)).png,11,9,6,7,6,7,6,7,6,7,6,7,6,7,6
15-tan(tan(x)).png,11,11,6,7,6,7,6,7,6,7,6,7,6,7,6
16-absolute((constant(x) add x)).png,7,5,0,13,6,7,6,7,6,7,6,7,6,7,6
17-(constant(x) power sin(x)).png,9,5,4,7,6,7,6,7,6,7,6,7,6,7,6
18-log(exp(x)).png,8,12,6,7,6,7,6,7,6,7,6,7,6,7,6
19-tan((constant(x) multiply x)).png,7,5,3,11,6,7,6,7,6,7,6,7,6,7,6
20-exp((constant(x) subtract x)).png,7,5,1,8,6,7,6,7,6,7,6,7,6,7,6
21-square((constant(x) multiply x)).png,7,5,3,10,6,7,6,7,6,7,6,7,6,7,6
22-(constant(x) add tan(x)).png,11,5,0,7,6,7,6,7,6,7,6,7,6,7,6
23-(constant(x) true_divide identity_function(x)).png,7,5,2,7,6,7,6,7,6,7,6,7,6,7,6
24-absolute((constant(x) true_divide x)).png,7,5,2,13,6,7,6,7,6,7,6,7,6,7,6
25-(constant(x) subtract tan(x)).png,11,5,1,7,6,7,6,7,6,7,6,7,6,7,6
26-sin(square(x)).png,10,9,6,7,6,7,6,7,6,7,6,7,6,7,6
27-(constant(x) true_divide exp(x)).png,8,5,2,7,6,7,6,7,6,7,6,7,6,7,6
28-identity_function((constant(x) add x)).png,7,5,0,7,6,7,6,7,6,7,6,7,6,7,6
29-(constant(x) multiply tan(x)).png,11,5,3,7,6,7,6,7,6,7,6,7,6,7,6
30-sin(identity_function(x)).png,7,9,6,7,6,7,6,7,6,7,6,7,6,7,6
31-(constant(x) add tan(x)).png,11,5,0,7,6,7,6,7,6,7,6,7,6,7,6
32-(constant(x) true_divide absolute(x)).png,13,5,2,7,6,7,6,7,6,7,6,7,6,7,6
33-identity_function((constant(x) subtract x)).png,7,5,1,7,6,7,6,7,6,7,6,7,6,7,6
34-(constant(x) add identity_function(x)).png,7,5,0,7,6,7,6,7,6,7,6,7,6,7,6
35-(constant(x) true_divide tan(x)).png,11,5,2,7,6,7,6,7,6,7,6,7,6,7,6
36-(constant(x) multiply sin(x)).png,9,5,3,7,6,7,6,7,6,7,6,7,6,7,6
37-(constant(x) subtract absolute(x)).png,13,5,1,7,6,7,6,7,6,7,6,7,6,7,6
38-tan((constant(x) add x)).png,7,5,0,11,6,7,6,7,6,7,6,7,6,7,6
39-(constant(x) true_divide identity_function(x)).png,7,5,2,7,6,7,6,7,6,7,6,7,6,7,6
40-sin(tan(x)).png,11,9,6,7,6,7,6,7,6,7,6,7,6,7,6
41-absolute(absolute(x)).png,13,13,6,7,6,7,6,7,6,7,6,7,6,7,6
42-identity_function((constant(x) add x)).png,7,5,0,7,6,7,6,7,6,7,6,7,6,7,6
43-(constant(x) add exp(x)).png,8,5,0,7,6,7,6,7,6,7,6,7,6,7,6
44-(constant(x) add identity_function(x)).png,7,5,0,7,6,7,6,7,6,7,6,7,6,7,6
45-(constant(x) true_divide exp(x)).png,8,5,2,7,6,7,6,7,6,7,6,7,6,7,6
46-(constant(x) subtract sin(x)).png,9,5,1,7,6,7,6,7,6,7,6,7,6,7,6
47-square(square(x)).png,10,10,6,7,6,7,6,7,6,7,6,7,6,7,6
48-(constant(x) subtract sin(x)).png,9,5,1,7,6,7,6,7,6,7,6,7,6,7,6
49-(constant(x) subtract absolute(x)).png,13,5,1,7,6,7,6,7,6,7,6,7,6,7,6
50-absolute(sin(x)).png,9,13,6,7,6,7,6,7,6,7,6,7,6,7,6
51-(constant(x) multiply sin(x)).png,9,5,3,7,6,7,6,7,6,7,6,7,6,7,6
52-sin((constant(x) true_divide x)).png,7,5,2,9,6,7,6,7,6,7,6,7,6,7,6
53-identity_function((constant(x) true_divide x)).png,7,5,2,7,6,7,6,7,6,7,6,7,6,7,6
54-(constant(x) add sin(x)).png,9,5,0,7,6,7,6,7,6,7,6,7,6,7,6
55-sin(square(x)).png,10,9,6,7,6,7,6,7,6,7,6,7,6,7,6
56-(constant(x) subtract absolute(x)).png,13,5,1,7,6,7,6,7,6,7,6,7,6,7,6
57-absolute((constant(x) add x)).png,7,5,0,13,6,7,6,7,6,7,6,7,6,7,6
58-(constant(x) add absolute(x)).png,13,5,0,7,6,7,6,7,6,7,6,7,6,7,6
59-sin((constant(x) subtract x)).png,7,5,1,9,6,7,6,7,6,7,6,7,6,7,6
60-(constant(x) power sin(x)).png,9,5,4,7,6,7,6,7,6,7,6,7,6,7,6
61-absolute((constant(x) true_divide x)).png,7,5,2,13,6,7,6,7,6,7,6,7,6,7,6
62-identity_function((constant(x) subtract x)).png,7,5,1,7,6,7,6,7,6,7,6,7,6,7,6
63-log(square(x)).png,10,12,6,7,6,7,6,7,6,7,6,7,6,7,6
64-(constant(x) true_divide exp(x)).png,8,5,2,7,6,7,6,7,6,7,6,7,6,7,6
65-tan((constant(x) add x)).png,7,5,0,11,6,7,6,7,6,7,6,7,6,7,6
66-(constant(x) subtract absolute(x)).png,13,5,1,7,6,7,6,7,6,7,6,7,6,7,6
67-square((constant(x) add x)).png,7,5,0,10,6,7,6,7,6,7,6,7,6,7,6
68-(constant(x) add exp(x)).png,8,5,0,7,6,7,6,7,6,7,6,7,6,7,6
69-identity_function(tan(x)).png,11,7,6,7,6,7,6,7,6,7,6,7,6,7,6
70-(constant(x) add exp(x)).png,8,5,0,7,6,7,6,7,6,7,6,7,6,7,6
71-(constant(x) true_divide sin(x)).png,9,5,2,7,6,7,6,7,6,7,6,7,6,7,6
72-absolute(identity_function(x)).png,7,13,6,7,6,7,6,7,6,7,6,7,6,7,6
73-(constant(x) true_divide square(x)).png,10,5,2,7,6,7,6,7,6,7,6,7,6,7,6
74-(constant(x) true_divide exp(x)).png,8,5,2,7,6,7,6,7,6,7,6,7,6,7,6
75-tan((constant(x) add x)).png,7,5,0,11,6,7,6,7,6,7,6,7,6,7,6
76-identity_function(identity_function(x)).png,7,7,6,7,6,7,6,7,6,7,6,7,6,7,6
77-absolute((constant(x) subtract x)).png,7,5,1,13,6,7,6,7,6,7,6,7,6,7,6
78-tan(tan(x)).png,11,11,6,7,6,7,6,7,6,7,6,7,6,7,6
79-(constant(x) subtract tan(x)).png,11,5,1,7,6,7,6,7,6,7,6,7,6,7,6
80-(constant(x) add tan(x)).png,11,5,0,7,6,7,6,7,6,7,6,7,6,7,6
81-(constant(x) subtract absolute(x)).png,13,5,1,7,6,7,6,7,6,7,6,7,6,7,6
82-sin((constant(x) true_divide x)).png,7,5,2,9,6,7,6,7,6,7,6,7,6,7,6
83-tan(square(x)).png,10,11,6,7,6,7,6,7,6,7,6,7,6,7,6
84-absolute((constant(x) add x)).png,7,5,0,13,6,7,6,7,6,7,6,7,6,7,6
85-log((constant(x) power x)).png,7,5,4,12,6,7,6,7,6,7,6,7,6,7,6
86-(constant(x) add absolute(x)).png,13,5,0,7,6,7,6,7,6,7,6,7,6,7,6
87-(constant(x) subtract sin(x)).png,9,5,1,7,6,7,6,7,6,7,6,7,6,7,6
88-sin((constant(x) subtract x)).png,7,5,1,9,6,7,6,7,6,7,6,7,6,7,6
89-(constant(x) add tan(x)).png,11,5,0,7,6,7,6,7,6,7,6,7,6,7,6
90-(constant(x) true_divide square(x)).png,10,5,2,7,6,7,6,7,6,7,6,7,6,7,6
91-sin(sin(x)).png,9,9,6,7,6,7,6,7,6,7,6,7,6,7,6
92-(constant(x) subtract sin(x)).png,9,5,1,7,6,7,6,7,6,7,6,7,6,7,6
93-(constant(x) subtract sin(x)).png,9,5,1,7,6,7,6,7,6,7,6,7,6,7,6
94-square((constant(x) subtract x)).png,7,5,1,10,6,7,6,7,6,7,6,7,6,7,6
95-absolute(tan(x)).png,11,13,6,7,6,7,6,7,6,7,6,7,6,7,6
96-(constant(x) add identity_function(x)).png,7,5,0,7,6,7,6,7,6,7,6,7,6,7,6
97-exp((constant(x) true_divide x)).png,7,5,2,8,6,7,6,7,6,7,6,7,6,7,6
98-(constant(x) subtract exp(x)).png,8,5,1,7,6,7,6,7,6,7,6,7,6,7,6
99-square((constant(x) add x)).png,7,5,0,10,6,7,6,7,6,7,6,7,6,7,6
100-(constant(x) add square(x)).png,10,5,0,7,6,7,6,7,6,7,6,7,6,7,6
101-constant(x).png,5,7,6,7,6,7,6,7,6,7,6,7,6,7,6
102-(tan(x) add square(x)).png,10,11,0,7,6,7,6,7,6,7,6,7,6,7,6
103-exp(square(x)).png,10,8,6,7,6,7,6,7,6,7,6,7,6,7,6
104-(square(x) power absolute(x)).png,13,10,4,7,6,7,6,7,6,7,6,7,6,7,6
105-(absolute(x) add tan(x)).png,11,13,0,7,6,7,6,7,6,7,6,7,6,7,6
106-exp((x add x)).png,7,7,0,8,6,7,6,7,6,7,6,7,6,7,6
107-square(square(x)).png,10,10,6,7,6,7,6,7,6,7,6,7,6,7,6
108-identity_function(exp(x)).png,8,7,6,7,6,7,6,7,6,7,6,7,6,7,6
109-(absolute(x) power identity_function(x)).png,7,13,4,7,6,7,6,7,6,7,6,7,6,7,6
110-(absolute(x) add tan(x)).png,11,13,0,7,6,7,6,7,6,7,6,7,6,7,6
111-constant(x).png,5,7,6,7,6,7,6,7,6,7,6,7,6,7,6
112-sin((x add x)).png,7,7,0,9,6,7,6,7,6,7,6,7,6,7,6
113-(sin(x) true_divide tan(x)).png,11,9,2,7,6,7,6,7,6,7,6,7,6,7,6
114-exp(identity_function(x)).png,7,8,6,7,6,7,6,7,6,7,6,7,6,7,6
115-constant(x).png,5,7,6,7,6,7,6,7,6,7,6,7,6,7,6
116-(exp(x) true_divide identity_function(x)).png,7,8,2,7,6,7,6,7,6,7,6,7,6,7,6
117-constant(x).png,5,7,6,7,6,7,6,7,6,7,6,7,6,7,6
118-(sin(x) add sin(x)).png,9,9,0,7,6,7,6,7,6,7,6,7,6,7,6
119-square(square(x)).png,10,10,6,7,6,7,6,7,6,7,6,7,6,7,6
120-constant(x).png,5,7,6,7,6,7,6,7,6,7,6,7,6,7,6
121-identity_function(identity_function(x)).png,7,7,6,7,6,7,6,7,6,7,6,7,6,7,6
122-exp(sin(x)).png,9,8,6,7,6,7,6,7,6,7,6,7,6,7,6
123-constant(x).png,5,7,6,7,6,7,6,7,6,7,6,7,6,7,6
124-constant(x).png,5,7,6,7,6,7,6,7,6,7,6,7,6,7,6
125-absolute((x multiply x)).png,7,7,3,13,6,7,6,7,6,7,6,7,6,7,6
126-(sin(x) multiply square(x)).png,10,9,3,7,6,7,6,7,6,7,6,7,6,7,6
127-sin(identity_function(x)).png,7,9,6,7,6,7,6,7,6,7,6,7,6,7,6
128-(exp(x) subtract identity_function(x)).png,7,8,1,7,6,7,6,7,6,7,6,7,6,7,6
129-tan(tan(x)).png,11,11,6,7,6,7,6,7,6,7,6,7,6,7,6
130-constant(x).png,5,7,6,7,6,7,6,7,6,7,6,7,6,7,6
131-constant(x).png,5,7,6,7,6,7,6,7,6,7,6,7,6,7,6
132-(tan(x) multiply identity_function(x)).png,7,11,3,7,6,7,6,7,6,7,6,7,6,7,6
133-(exp(x) power sin(x)).png,9,8,4,7,6,7,6,7,6,7,6,7,6,7,6
134-(identity_function(x) subtract square(x)).png,10,7,1,7,6,7,6,7,6,7,6,7,6,7,6
135-(square(x) add square(x)).png,10,10,0,7,6,7,6,7,6,7,6,7,6,7,6
136-tan(square(x)).png,10,11,6,7,6,7,6,7,6,7,6,7,6,7,6
137-(tan(x) true_divide sin(x)).png,9,11,2,7,6,7,6,7,6,7,6,7,6,7,6
138-(tan(x) subtract exp(x)).png,8,11,1,7,6,7,6,7,6,7,6,7,6,7,6
139-constant(x).png,5,7,6,7,6,7,6,7,6,7,6,7,6,7,6
140-log((x multiply x)).png,7,7,3,12,6,7,6,7,6,7,6,7,6,7,6
141-constant(x).png,5,7,6,7,6,7,6,7,6,7,6,7,6,7,6
142-constant(x).png,5,7,6,7,6,7,6,7,6,7,6,7,6,7,6
143-(tan(x) subtract square(x)).png,10,11,1,7,6,7,6,7,6,7,6,7,6,7,6
144-log(square(x)).png,10,12,6,7,6,7,6,7,6,7,6,7,6,7,6
145-(absolute(x) multiply tan(x)).png,11,13,3,7,6,7,6,7,6,7,6,7,6,7,6
146-identity_function(tan(x)).png,11,7,6,7,6,7,6,7,6,7,6,7,6,7,6
147-sin(identity_function(x)).png,7,9,6,7,6,7,6,7,6,7,6,7,6,7,6
148-constant(x).png,5,7,6,7,6,7,6,7,6,7,6,7,6,7,6
149-exp(square(x)).png,10,8,6,7,6,7,6,7,6,7,6,7,6,7,6
150-tan(sin(x)).png,9,11,6,7,6,7,6,7,6,7,6,7,6,7,6
151-constant(x).png,5,7,6,7,6,7,6,7,6,7,6,7,6,7,6
152-(tan(x) multiply exp(x)).png,8,11,3,7,6,7,6,7,6,7,6,7,6,7,6
153-constant(x).png,5,7,6,7,6,7,6,7,6,7,6,7,6,7,6
154-constant(x).png,5,7,6,7,6,7,6,7,6,7,6,7,6,7,6
155-exp((x add x)).png,7,7,0,8,6,7,6,7,6,7,6,7,6,7,6
156-square(tan(x)).png,11,10,6,7,6,7,6,7,6,7,6,7,6,7,6
157-sin((x multiply x)).png,7,7,3,9,6,7,6,7,6,7,6,7,6,7,6
158-sin(tan(x)).png,11,9,6,7,6,7,6,7,6,7,6,7,6,7,6
159-(absolute(x) true_divide square(x)).png,10,13,2,7,6,7,6,7,6,7,6,7,6,7,6
160-(square(x) true_divide absolute(x)).png,13,10,2,7,6,7,6,7,6,7,6,7,6,7,6
161-identity_function(tan(x)).png,11,7,6,7,6,7,6,7,6,7,6,7,6,7,6
162-(square(x) subtract absolute(x)).png,13,10,1,7,6,7,6,7,6,7,6,7,6,7,6
163-sin(absolute(x)).png,13,9,6,7,6,7,6,7,6,7,6,7,6,7,6
164-(square(x) subtract absolute(x)).png,13,10,1,7,6,7,6,7,6,7,6,7,6,7,6
165-identity_function((x add x)).png,7,7,0,7,6,7,6,7,6,7,6,7,6,7,6
166-log(square(x)).png,10,12,6,7,6,7,6,7,6,7,6,7,6,7,6
167-(exp(x) add square(x)).png,10,8,0,7,6,7,6,7,6,7,6,7,6,7,6
168-(identity_function(x) add sin(x)).png,9,7,0,7,6,7,6,7,6,7,6,7,6,7,6
169-tan((x multiply x)).png,7,7,3,11,6,7,6,7,6,7,6,7,6,7,6
170-(identity_function(x) add absolute(x)).png,13,7,0,7,6,7,6,7,6,7,6,7,6,7,6
171-absolute((x add x)).png,7,7,0,13,6,7,6,7,6,7,6,7,6,7,6
172-(sin(x) true_divide square(x)).png,10,9,2,7,6,7,6,7,6,7,6,7,6,7,6
173-sin(identity_function(x)).png,7,9,6,7,6,7,6,7,6,7,6,7,6,7,6
174-(tan(x) add sin(x)).png,9,11,0,7,6,7,6,7,6,7,6,7,6,7,6
175-(absolute(x) subtract square(x)).png,10,13,1,7,6,7,6,7,6,7,6,7,6,7,6
176-constant(x).png,5,7,6,7,6,7,6,7,6,7,6,7,6,7,6
177-(exp(x) add absolute(x)).png,13,8,0,7,6,7,6,7,6,7,6,7,6,7,6
178-identity_function(absolute(x)).png,13,7,6,7,6,7,6,7,6,7,6,7,6,7,6
179-constant(x).png,5,7,6,7,6,7,6,7,6,7,6,7,6,7,6
180-(tan(x) multiply identity_function(x)).png,7,11,3,7,6,7,6,7,6,7,6,7,6,7,6
181-(exp(x) true_divide identity_function(x)).png,7,8,2,7,6,7,6,7,6,7,6,7,6,7,6
182-identity_function((x multiply x)).png,7,7,3,7,6,7,6,7,6,7,6,7,6,7,6
183-constant(x).png,5,7,6,7,6,7,6,7,6,7,6,7,6,7,6
184-constant(x).png,5,7,6,7,6,7,6,7,6,7,6,7,6,7,6
185-(sin(x) subtract identity_function(x)).png,7,9,1,7,6,7,6,7,6,7,6,7,6,7,6
186-(tan(x) subtract absolute(x)).png,13,11,1,7,6,7,6,7,6,7,6,7,6,7,6
187-absolute(identity_function(x)).png,7,13,6,7,6,7,6,7,6,7,6,7,6,7,6
188-(exp(x) subtract square(x)).png,10,8,1,7,6,7,6,7,6,7,6,7,6,7,6
189-(absolute(x) true_divide square(x)).png,10,13,2,7,6,7,6,7,6,7,6,7,6,7,6
190-constant(x).png,5,7,6,7,6,7,6,7,6,7,6,7,6,7,6
191-(tan(x) subtract identity_function(x)).png,7,11,1,7,6,7,6,7,6,7,6,7,6,7,6
192-square((x multiply x)).png,7,7,3,10,6,7,6,7,6,7,6,7,6,7,6
193-exp(identity_function(x)).png,7,8,6,7,6,7,6,7,6,7,6,7,6,7,6
194-(square(x) subtract sin(x)).png,9,10,1,7,6,7,6,7,6,7,6,7,6,7,6
195-(sin(x) true_divide exp(x)).png,8,9,2,7,6,7,6,7,6,7,6,7,6,7,6
196-(exp(x) true_divide sin(x)).png,9,8,2,7,6,7,6,7,6,7,6,7,6,7,6
197-(absolute(x) add sin(x)).png,9,13,0,7,6,7,6,7,6,7,6,7,6,7,6
198-log(exp(x)).png,8,12,6,7,6,7,6,7,6,7,6,7,6,7,6
199-(square(x) add tan(x)).png,11,10,0,7,6,7,6,7,6,7,6,7,6,7,6
200-constant(x).png,5,7,6,7,6,7,6,7,6,7,6,7,6,7,6
201-identity_function((x multiply x)).png,7,7,3,7,6,7,6,7,6,7,6,7,6,7,6
202-sin((x add x)).png,7,7,0,9,6,7,6,7,6,7,6,7,6,7,6
203-(identity_function(x) subtract sin(x)).png,9,7,1,7,6,7,6,7,6,7,6,7,6,7,6
204-identity_function((x add x)).png,7,7,0,7,6,7,6,7,6,7,6,7,6,7,6
205-square((x add x)).png,7,7,0,10,6,7,6,7,6,7,6,7,6,7,6
206-absolute(exp(x)).png,8,13,6,7,6,7,6,7,6,7,6,7,6,7,6
207-(square(x) multiply tan(x)).png,11,10,3,7,6,7,6,7,6,7,6,7,6,7,6
208-(square(x) true_divide exp(x)).png,8,10,2,7,6,7,6,7,6,7,6,7,6,7,6
209-(tan(x) multiply sin(x)).png,9,11,3,7,6,7,6,7,6,7,6,7,6,7,6
210-log((x multiply x)).png,7,7,3,12,6,7,6,7,6,7,6,7,6,7,6
211-(exp(x) subtract square(x)).png,10,8,1,7,6,7,6,7,6,7,6,7,6,7,6
212-constant(x).png,5,7,6,7,6,7,6,7,6,7,6,7,6,7,6
213-constant(x).png,5,7,6,7,6,7,6,7,6,7,6,7,6,7,6
214-absolute(tan(x)).png,11,13,6,7,6,7,6,7,6,7,6,7,6,7,6
215-absolute((x multiply x)).png,7,7,3,13,6,7,6,7,6,7,6,7,6,7,6
216-(absolute(x) power square(x)).png,10,13,4,7,6,7,6,7,6,7,6,7,6,7,6
217-(tan(x) multiply absolute(x)).png,13,11,3,7,6,7,6,7,6,7,6,7,6,7,6
218-(square(x) add exp(x)).png,8,10,0,7,6,7,6,7,6,7,6,7,6,7,6
219-constant(x).png,5,7,6,7,6,7,6,7,6,7,6,7,6,7,6
220-tan(sin(x)).png,9,11,6,7,6,7,6,7,6,7,6,7,6,7,6
221-sin(identity_function(x)).png,7,9,6,7,6,7,6,7,6,7,6,7,6,7,6
222-constant(x).png,5,7,6,7,6,7,6,7,6,7,6,7,6,7,6
223-constant(x).png,5,7,6,7,6,7,6,7,6,7,6,7,6,7,6
224-identity_function(exp(x)).png,8,7,6,7,6,7,6,7,6,7,6,7,6,7,6
225-exp(square(x)).png,10,8,6,7,6,7,6,7,6,7,6,7,6,7,6
226-(tan(x) true_divide square(x)).png,10,11,2,7,6,7,6,7,6,7,6,7,6,7,6
227-constant(x).png,5,7,6,7,6,7,6,7,6,7,6,7,6,7,6
228-sin((x multiply x)).png,7,7,3,9,6,7,6,7,6,7,6,7,6,7,6
229-constant(x).png,5,7,6,7,6,7,6,7,6,7,6,7,6,7,6
230-constant(x).png,5,7,6,7,6,7,6,7,6,7,6,7,6,7,6
231-constant(x).png,5,7,6,7,6,7,6,7,6,7,6,7,6,7,6
232-(tan(x) multiply sin(x)).png,9,11,3,7,6,7,6,7,6,7,6,7,6,7,6
233-constant(x).png,5,7,6,7,6,7,6,7,6,7,6,7,6,7,6
234-absolute((x multiply x)).png,7,7,3,13,6,7,6,7,6,7,6,7,6,7,6
235-(sin(x) true_divide square(x)).png,10,9,2,7,6,7,6,7,6,7,6,7,6,7,6
236-exp((x add x)).png,7,7,0,8,6,7,6,7,6,7,6,7,6,7,6
237-(identity_function(x) add tan(x)).png,11,7,0,7,6,7,6,7,6,7,6,7,6,7,6
238-(exp(x) subtract identity_function(x)).png,7,8,1,7,6,7,6,7,6,7,6,7,6,7,6
239-tan(sin(x)).png,9,11,6,7,6,7,6,7,6,7,6,7,6,7,6
240-exp((x multiply x)).png,7,7,3,8,6,7,6,7,6,7,6,7,6,7,6
241-square(square(x)).png,10,10,6,7,6,7,6,7,6,7,6,7,6,7,6
242-(square(x) true_divide tan(x)).png,11,10,2,7,6,7,6,7,6,7,6,7,6,7,6
243-identity_function(sin(x)).png,9,7,6,7,6,7,6,7,6,7,6,7,6,7,6
244-(identity_function(x) add sin(x)).png,9,7,0,7,6,7,6,7,6,7,6,7,6,7,6
245-(exp(x) true_divide tan(x)).png,11,8,2,7,6,7,6,7,6,7,6,7,6,7,6
246-constant(x).png,5,7,6,7,6,7,6,7,6,7,6,7,6,7,6
247-identity_function(identity_function(x)).png,7,7,6,7,6,7,6,7,6,7,6,7,6,7,6
248-(identity_function(x) true_divide absolute(x)).png,13,7,2,7,6,7,6,7,6,7,6,7,6,7,6
249-(identity_function(x) subtract absolute(x)).png,13,7,1,7,6,7,6,7,6,7,6,7,6,7,6
250-exp((x add x)).png,7,7,0,8,6,7,6,7,6,7,6,7,6,7,6
251-constant(x).png,5,7,6,7,6,7,6,7,6,7,6,7,6,7,6
252-tan((x multiply x)).png,7,7,3,11,6,7,6,7,6,7,6,7,6,7,6
253-log((x multiply x)).png,7,7,3,12,6,7,6,7,6,7,6,7,6,7,6
254-sin(square(x)).png,10,9,6,7,6,7,6,7,6,7,6,7,6,7,6
255-(square(x) power absolute(x)).png,13,10,4,7,6,7,6,7,6,7,6,7,6,7,6
256-sin(sin(x)).png,9,9,6,7,6,7,6,7,6,7,6,7,6,7,6
257-(absolute(x) subtract tan(x)).png,11,13,1,7,6,7,6,7,6,7,6,7,6,7,6
258-tan(absolute(x)).png,13,11,6,7,6,7,6,7,6,7,6,7,6,7,6
259-identity_function(tan(x)).png,11,7,6,7,6,7,6,7,6,7,6,7,6,7,6
260-(tan(x) multiply identity_function(x)).png,7,11,3,7,6,7,6,7,6,7,6,7,6,7,6
261-constant(x).png,5,7,6,7,6,7,6,7,6,7,6,7,6,7,6
262-exp((x multiply x)).png,7,7,3,8,6,7,6,7,6,7,6,7,6,7,6
263-(exp(x) add absolute(x)).png,13,8,0,7,6,7,6,7,6,7,6,7,6,7,6
264-(square(x) true_divide identity_function(x)).png,7,10,2,7,6,7,6,7,6,7,6,7,6,7,6
265-log(square(x)).png,10,12,6,7,6,7,6,7,6,7,6,7,6,7,6
266-(identity_function(x) multiply square(x)).png,10,7,3,7,6,7,6,7,6,7,6,7,6,7,6
267-(exp(x) subtract absolute(x)).png,13,8,1,7,6,7,6,7,6,7,6,7,6,7,6
268-(square(x) add exp(x)).png,8,10,0,7,6,7,6,7,6,7,6,7,6,7,6
269-square((x multiply x)).png,7,7,3,10,6,7,6,7,6,7,6,7,6,7,6
270-(tan(x) multiply absolute(x)).png,13,11,3,7,6,7,6,7,6,7,6,7,6,7,6
271-(exp(x) true_divide square(x)).png,10,8,2,7,6,7,6,7,6,7,6,7,6,7,6
272-(absolute(x) power square(x)).png,10,13,4,7,6,7,6,7,6,7,6,7,6,7,6
273-(square(x) add square(x)).png,10,10,0,7,6,7,6,7,6,7,6,7,6,7,6
274-square(sin(x)).png,9,10,6,7,6,7,6,7,6,7,6,7,6,7,6
275-constant(x).png,5,7,6,7,6,7,6,7,6,7,6,7,6,7,6
276-absolute(square(x)).png,10,13,6,7,6,7,6,7,6,7,6,7,6,7,6
277-(square(x) subtract tan(x)).png,11,10,1,7,6,7,6,7,6,7,6,7,6,7,6
278-constant(x).png,5,7,6,7,6,7,6,7,6,7,6,7,6,7,6
279-identity_function(identity_function(x)).png,7,7,6,7,6,7,6,7,6,7,6,7,6,7,6
280-(sin(x) subtract exp(x)).png,8,9,1,7,6,7,6,7,6,7,6,7,6,7,6
281-constant(x).png,5,7,6,7,6,7,6,7,6,7,6,7,6,7,6
282-(tan(x) add absolute(x)).png,13,11,0,7,6,7,6,7,6,7,6,7,6,7,6
283-(absolute(x) add sin(x)).png,9,13,0,7,6,7,6,7,6,7,6,7,6,7,6
284-(identity_function(x) subtract absolute(x)).png,13,7,1,7,6,7,6,7,6,7,6,7,6,7,6
285-exp(square(x)).png,10,8,6,7,6,7,6,7,6,7,6,7,6,7,6
286-identity_function((x multiply x)).png,7,7,3,7,6,7,6,7,6,7,6,7,6,7,6
287-square((x add x)).png,7,7,0,10,6,7,6,7,6,7,6,7,6,7,6
288-constant(x).png,5,7,6,7,6,7,6,7,6,7,6,7,6,7,6
289-(identity_function(x) multiply sin(x)).png,9,7,3,7,6,7,6,7,6,7,6,7,6,7,6
290-absolute(square(x)).png,10,13,6,7,6,7,6,7,6,7,6,7,6,7,6
291-constant(x).png,5,7,6,7,6,7,6,7,6,7,6,7,6,7,6
292-constant(x).png,5,7,6,7,6,7,6,7,6,7,6,7,6,7,6
293-identity_function(tan(x)).png,11,7,6,7,6,7,6,7,6,7,6,7,6,7,6
294-square(identity_function(x)).png,7,10,6,7,6,7,6,7,6,7,6,7,6,7,6
295-identity_function((x multiply x)).png,7,7,3,7,6,7,6,7,6,7,6,7,6,7,6
296-identity_function(tan(x)).png,11,7,6,7,6,7,6,7,6,7,6,7,6,7,6
297-(identity_function(x) add exp(x)).png,8,7,0,7,6,7,6,7,6,7,6,7,6,7,6
298-(tan(x) multiply identity_function(x)).png,7,11,3,7,6,7,6,7,6,7,6,7,6,7,6
299-constant(x).png,5,7,6,7,6,7,6,7,6,7,6,7,6,7,6
300-sin(sin(x)).png,9,9,6,7,6,7,6,7,6,7,6,7,6,7,6
301-(identity_function(x) add sin(x)).png,9,7,0,7,6,7,6,7,6,7,6,7,6,7,6
302-(exp(x) multiply square(x)).png,10,8,3,7,6,7,6,7,6,7,6,7,6,7,6
303-(identity_function(x) true_divide square(x)).png,10,7,2,7,6,7,6,7,6,7,6,7,6,7,6
304-identity_function(identity_function(x)).png,7,7,6,7,6,7,6,7,6,7,6,7,6,7,6
305-(square(x) multiply absolute(x)).png,13,10,3,7,6,7,6,7,6,7,6,7,6,7,6
306-constant(x).png,5,7,6,7,6,7,6,7,6,7,6,7,6,7,6
307-(absolute(x) subtract exp(x)).png,8,13,1,7,6,7,6,7,6,7,6,7,6,7,6
308-constant(x).png,5,7,6,7,6,7,6,7,6,7,6,7,6,7,6
309-absolute(absolute(x)).png,13,13,6,7,6,7,6,7,6,7,6,7,6,7,6
310-identity_function(tan(x)).png,11,7,6,7,6,7,6,7,6,7,6,7,6,7,6
311-exp((x multiply x)).png,7,7,3,8,6,7,6,7,6,7,6,7,6,7,6
312-log(absolute(x)).png,13,12,6,7,6,7,6,7,6,7,6,7,6,7,6
313-constant(x).png,5,7,6,7,6,7,6,7,6,7,6,7,6,7,6
314-absolute(square(x)).png,10,13,6,7,6,7,6,7,6,7,6,7,6,7,6
315-log((x multiply x)).png,7,7,3,12,6,7,6,7,6,7,6,7,6,7,6
316-sin(exp(x)).png,8,9,6,7,6,7,6,7,6,7,6,7,6,7,6
317-sin((x add x)).png,7,7,0,9,6,7,6,7,6,7,6,7,6,7,6
318-absolute((x add x)).png,7,7,0,13,6,7,6,7,6,7,6,7,6,7,6
319-constant(x).png,5,7,6,7,6,7,6,7,6,7,6,7,6,7,6
320-(exp(x) true_divide absolute(x)).png,13,8,2,7,6,7,6,7,6,7,6,7,6,7,6
321-(sin(x) subtract tan(x)).png,11,9,1,7,6,7,6,7,6,7,6,7,6,7,6
322-tan((x multiply x)).png,7,7,3,11,6,7,6,7,6,7,6,7,6,7,6
323-identity_function((x multiply x)).png,7,7,3,7,6,7,6,7,6,7,6,7,6,7,6
324-absolute(sin(x)).png,9,13,6,7,6,7,6,7,6,7,6,7,6,7,6
325-constant(x).png,5,7,6,7,6,7,6,7,6,7,6,7,6,7,6
326-(absolute(x) true_divide exp(x)).png,8,13,2,7,6,7,6,7,6,7,6,7,6,7,6
327-(absolute(x) subtract square(x)).png,10,13,1,7,6,7,6,7,6,7,6,7,6,7,6
328-(sin(x) add sin(x)).png,9,9,0,7,6,7,6,7,6,7,6,7,6,7,6
329-square(square(x)).png,10,10,6,7,6,7,6,7,6,7,6,7,6,7,6
330-(tan(x) add exp(x)).png,8,11,0,7,6,7,6,7,6,7,6,7,6,7,6
331-log(square(x)).png,10,12,6,7,6,7,6,7,6,7,6,7,6,7,6
332-tan((x multiply x)).png,7,7,3,11,6,7,6,7,6,7,6,7,6,7,6
333-sin(tan(x)).png,11,9,6,7,6,7,6,7,6,7,6,7,6,7,6
334-sin((x add x)).png,7,7,0,9,6,7,6,7,6,7,6,7,6,7,6
335-absolute(square(x)).png,10,13,6,7,6,7,6,7,6,7,6,7,6,7,6
336-tan(identity_function(x)).png,7,11,6,7,6,7,6,7,6,7,6,7,6,7,6
337-(tan(x) multiply square(x)).png,10,11,3,7,6,7,6,7,6,7,6,7,6,7,6
338-tan(absolute(x)).png,13,11,6,7,6,7,6,7,6,7,6,7,6,7,6
339-(sin(x) add square(x)).png,10,9,0,7,6,7,6,7,6,7,6,7,6,7,6
340-log(square(x)).png,10,12,6,7,6,7,6,7,6,7,6,7,6,7,6
341-(square(x) multiply exp(x)).png,8,10,3,7,6,7,6,7,6,7,6,7,6,7,6
342-constant(x).png,5,7,6,7,6,7,6,7,6,7,6,7,6,7,6
343-constant(x).png,5,7,6,7,6,7,6,7,6,7,6,7,6,7,6
344-(absolute(x) true_divide square(x)).png,10,13,2,7,6,7,6,7,6,7,6,7,6,7,6
345-(absolute(x) multiply absolute(x)).png,13,13,3,7,6,7,6,7,6,7,6,7,6,7,6
346-constant(x).png,5,7,6,7,6,7,6,7,6,7,6,7,6,7,6
347-(square(x) multiply absolute(x)).png,13,10,3,7,6,7,6,7,6,7,6,7,6,7,6
348-sin(identity_function(x)).png,7,9,6,7,6,7,6,7,6,7,6,7,6,7,6
349-constant(x).png,5,7,6,7,6,7,6,7,6,7,6,7,6,7,6
350-(tan(x) add identity_function(x)).png,7,11,0,7,6,7,6,7,6,7,6,7,6,7,6
351-square((x multiply x)).png,7,7,3,10,6,7,6,7,6,7,6,7,6,7,6
352-(square(x) add identity_function(x)).png,7,10,0,7,6,7,6,7,6,7,6,7,6,7,6
353-tan(square(x)).png,10,11,6,7,6,7,6,7,6,7,6,7,6,7,6
354-(absolute(x) subtract identity_function(x)).png,7,13,1,7,6,7,6,7,6,7,6,7,6,7,6
355-log(absolute(x)).png,13,12,6,7,6,7,6,7,6,7,6,7,6,7,6
356-constant(x).png,5,7,6,7,6,7,6,7,6,7,6,7,6,7,6
357-(exp(x) true_divide absolute(x)).png,13,8,2,7,6,7,6,7,6,7,6,7,6,7,6
358-constant(x).png,5,7,6,7,6,7,6,7,6,7,6,7,6,7,6
359-tan(absolute(x)).png,13,11,6,7,6,7,6,7,6,7,6,7,6,7,6
360-sin(absolute(x)).png,13,9,6,7,6,7,6,7,6,7,6,7,6,7,6
361-log((x multiply x)).png,7,7,3,12,6,7,6,7,6,7,6,7,6,7,6
362-(absolute(x) subtract sin(x)).png,9,13,1,7,6,7,6,7,6,7,6,7,6,7,6
363-(square(x) multiply identity_function(x)).png,7,10,3,7,6,7,6,7,6,7,6,7,6,7,6
364-constant(x).png,5,7,6,7,6,7,6,7,6,7,6,7,6,7,6
365-square(absolute(x)).png,13,10,6,7,6,7,6,7,6,7,6,7,6,7,6
366-constant(x).png,5,7,6,7,6,7,6,7,6,7,6,7,6,7,6
367-exp((x multiply x)).png,7,7,3,8,6,7,6,7,6,7,6,7,6,7,6
368-(identity_function(x) multiply identity_function(x)).png,7,7,3,7,6,7,6,7,6,7,6,7,6,7,6
369-(sin(x) subtract absolute(x)).png,13,9,1,7,6,7,6,7,6,7,6,7,6,7,6
370-constant(x).png,5,7,6,7,6,7,6,7,6,7,6,7,6,7,6
371-(absolute(x) subtract exp(x)).png,8,13,1,7,6,7,6,7,6,7,6,7,6,7,6
372-square(tan(x)).png,11,10,6,7,6,7,6,7,6,7,6,7,6,7,6
373-constant(x).png,5,7,6,7,6,7,6,7,6,7,6,7,6,7,6
374-sin(absolute(x)).png,13,9,6,7,6,7,6,7,6,7,6,7,6,7,6
375-absolute((x add x)).png,7,7,0,13,6,7,6,7,6,7,6,7,6,7,6
376-constant(x).png,5,7,6,7,6,7,6,7,6,7,6,7,6,7,6
377-constant(x).png,5,7,6,7,6,7,6,7,6,7,6,7,6,7,6
378-constant(x).png,5,7,6,7,6,7,6,7,6,7,6,7,6,7,6
379-(exp(x) multiply tan(x)).png,11,8,3,7,6,7,6,7,6,7,6,7,6,7,6
380-constant(x).png,5,7,6,7,6,7,6,7,6,7,6,7,6,7,6
381-(exp(x) multiply exp(x)).png,8,8,3,7,6,7,6,7,6,7,6,7,6,7,6
382-sin(square(x)).png,10,9,6,7,6,7,6,7,6,7,6,7,6,7,6
383-absolute((x add x)).png,7,7,0,13,6,7,6,7,6,7,6,7,6,7,6
384-(absolute(x) power identity_function(x)).png,7,13,4,7,6,7,6,7,6,7,6,7,6,7,6
385-sin(tan(x)).png,11,9,6,7,6,7,6,7,6,7,6,7,6,7,6
386-square(sin(x)).png,9,10,6,7,6,7,6,7,6,7,6,7,6,7,6
387-(sin(x) add tan(x)).png,11,9,0,7,6,7,6,7,6,7,6,7,6,7,6
388-tan((x multiply x)).png,7,7,3,11,6,7,6,7,6,7,6,7,6,7,6
389-log(exp(x)).png,8,12,6,7,6,7,6,7,6,7,6,7,6,7,6
390-(sin(x) multiply sin(x)).png,9,9,3,7,6,7,6,7,6,7,6,7,6,7,6
391-absolute((x multiply x)).png,7,7,3,13,6,7,6,7,6,7,6,7,6,7,6
392-sin(sin(x)).png,9,9,6,7,6,7,6,7,6,7,6,7,6,7,6
393-sin(absolute(x)).png,13,9,6,7,6,7,6,7,6,7,6,7,6,7,6
394-(exp(x) true_divide square(x)).png,10,8,2,7,6,7,6,7,6,7,6,7,6,7,6
395-(square(x) true_divide tan(x)).png,11,10,2,7,6,7,6,7,6,7,6,7,6,7,6
396-sin(identity_function(x)).png,7,9,6,7,6,7,6,7,6,7,6,7,6,7,6
397-absolute((x multiply x)).png,7,7,3,13,6,7,6,7,6,7,6,7,6,7,6
398-sin(absolute(x)).png,13,9,6,7,6,7,6,7,6,7,6,7,6,7,6
399-absolute(exp(x)).png,8,13,6,7,6,7,6,7,6,7,6,7,6,7,6
400-log(square(x)).png,10,12,6,7,6,7,6,7,6,7,6,7,6,7,6
401-(identity_function(square(x)) power square(sin(x))).png,9,10,6,10,7,6,4,7,6,7,6,7,6,7,6
402-absolute(identity_function(square(x))).png,10,7,6,13,6,7,6,7,6,7,6,7,6,7,6
403-(exp(sin(x)) subtract identity_function((x multiply x))).png,7,7,3,7,6,9,8,6,1,7,6,7,6,7,6
404-(log((x multiply x)) subtract tan(tan(x))).png,11,11,6,7,7,3,12,6,1,7,6,7,6,7,6
405-(constant(x) multiply constant(x)).png,5,5,3,7,6,7,6,7,6,7,6,7,6,7,6
406-(exp((x add x)) subtract tan((x multiply x))).png,7,7,3,11,6,7,7,0,8,6,1,7,6,7,6
407-absolute(exp(square(x))).png,10,8,6,13,6,7,6,7,6,7,6,7,6,7,6
408-(exp(absolute(x)) multiply tan(square(x))).png,10,11,6,13,8,6,3,7,6,7,6,7,6,7,6
409-identity_function((sin(x) add sin(x))).png,9,9,0,7,6,7,6,7,6,7,6,7,6,7,6
410-absolute((tan(x) add square(x))).png,10,11,0,13,6,7,6,7,6,7,6,7,6,7,6
411-exp(identity_function((x add x))).png,7,7,0,7,6,8,6,7,6,7,6,7,6,7,6
412-constant(x).png,5,7,6,7,6,7,6,7,6,7,6,7,6,7,6
413-tan((absolute(x) add tan(x))).png,11,13,0,11,6,7,6,7,6,7,6,7,6,7,6
414-tan((tan(x) multiply tan(x))).png,11,11,3,11,6,7,6,7,6,7,6,7,6,7,6
415-sin((tan(x) true_divide square(x))).png,10,11,2,9,6,7,6,7,6,7,6,7,6,7,6
416-(constant(x) power absolute(square(x))).png,10,13,6,5,4,7,6,7,6,7,6,7,6,7,6
417-(absolute(exp(x)) add exp((x multiply x))).png,7,7,3,8,6,8,13,6,0,7,6,7,6,7,6
418-exp(tan(tan(x))).png,11,11,6,8,6,7,6,7,6,7,6,7,6,7,6
419-(tan(square(x)) multiply absolute(sin(x))).png,9,13,6,10,11,6,3,7,6,7,6,7,6,7,6
420-(tan((x multiply x)) add square(square(x))).png,10,10,6,7,7,3,11,6,0,7,6,7,6,7,6
421-(identity_function(tan(x)) subtract absolute(absolute(x))).png,13,13,6,11,7,6,1,7,6,7,6,7,6,7,6
422-identity_function(identity_function(absolute(x))).png,13,7,6,7,6,7,6,7,6,7,6,7,6,7,6
423-exp(sin(tan(x))).png,11,9,6,8,6,7,6,7,6,7,6,7,6,7,6
424-identity_function(exp(absolute(x))).png,13,8,6,7,6,7,6,7,6,7,6,7,6,7,6
425-(sin(exp(x)) add identity_function(absolute(x))).png,13,7,6,8,9,6,0,7,6,7,6,7,6,7,6
426-(square(identity_function(x)) subtract square(square(x))).png,10,10,6,7,10,6,1,7,6,7,6,7,6,7,6
427-absolute(tan(square(x))).png,10,11,6,13,6,7,6,7,6,7,6,7,6,7,6
428-sin(tan(sin(x))).png,9,11,6,9,6,7,6,7,6,7,6,7,6,7,6
429-constant(x).png,5,7,6,7,6,7,6,7,6,7,6,7,6,7,6
430-(square(exp(x)) true_divide square(identity_function(x))).png,7,10,6,8,10,6,2,7,6,7,6,7,6,7,6
431-(square((x add x)) true_divide constant(x)).png,5,7,7,0,10,6,2,7,6,7,6,7,6,7,6
432-constant(x).png,5,7,6,7,6,7,6,7,6,7,6,7,6,7,6
433-(tan(absolute(x)) multiply constant(x)).png,5,13,11,6,3,7,6,7,6,7,6,7,6,7,6
434-constant(x).png,5,7,6,7,6,7,6,7,6,7,6,7,6,7,6
435-absolute((absolute(x) power square(x))).png,10,13,4,13,6,7,6,7,6,7,6,7,6,7,6
436-constant(x).png,5,7,6,7,6,7,6,7,6,7,6,7,6,7,6
437-(log((x multiply x)) subtract absolute(square(x))).png,10,13,6,7,7,3,12,6,1,7,6,7,6,7,6
438-(tan(absolute(x)) subtract constant(x)).png,5,13,11,6,1,7,6,7,6,7,6,7,6,7,6
439-sin((square(x) add sin(x))).png,9,10,0,9,6,7,6,7,6,7,6,7,6,7,6
440-log((exp(x) add exp(x))).png,8,8,0,12,6,7,6,7,6,7,6,7,6,7,6
441-sin((absolute(x) true_divide square(x))).png,10,13,2,9,6,7,6,7,6,7,6,7,6,7,6
442-log(absolute(identity_function(x))).png,7,13,6,12,6,7,6,7,6,7,6,7,6,7,6
443-constant(x).png,5,7,6,7,6,7,6,7,6,7,6,7,6,7,6
444-log(absolute((x multiply x))).png,7,7,3,13,6,12,6,7,6,7,6,7,6,7,6
445-constant(x).png,5,7,6,7,6,7,6,7,6,7,6,7,6,7,6
446-absolute(sin(tan(x))).png,11,9,6,13,6,7,6,7,6,7,6,7,6,7,6
447-square(identity_function(identity_function(x))).png,7,7,6,10,6,7,6,7,6,7,6,7,6,7,6
448-square((sin(x) multiply identity_function(x))).png,7,9,3,10,6,7,6,7,6,7,6,7,6,7,6
449-sin(exp(absolute(x))).png,13,8,6,9,6,7,6,7,6,7,6,7,6,7,6
450-(constant(x) power identity_function((x add x))).png,7,7,0,7,6,5,4,7,6,7,6,7,6,7,6
451-sin(square((x multiply x))).png,7,7,3,10,6,9,6,7,6,7,6,7,6,7,6
452-(absolute(absolute(x)) subtract tan(absolute(x))).png,13,11,6,13,13,6,1,7,6,7,6,7,6,7,6
453-(exp(square(x)) subtract absolute(sin(x))).png,9,13,6,10,8,6,1,7,6,7,6,7,6,7,6
454-(exp(identity_function(x)) subtract log((x multiply x))).png,7,7,3,12,6,7,8,6,1,7,6,7,6,7,6
455-square((exp(x) subtract identity_function(x))).png,7,8,1,10,6,7,6,7,6,7,6,7,6,7,6
456-tan((square(x) multiply identity_function(x))).png,7,10,3,11,6,7,6,7,6,7,6,7,6,7,6
457-absolute((exp(x) add identity_function(x))).png,7,8,0,13,6,7,6,7,6,7,6,7,6,7,6
458-exp((absolute(x) add absolute(x))).png,13,13,0,8,6,7,6,7,6,7,6,7,6,7,6
459-absolute(square(square(x))).png,10,10,6,13,6,7,6,7,6,7,6,7,6,7,6
460-absolute(sin(square(x))).png,10,9,6,13,6,7,6,7,6,7,6,7,6,7,6
461-square((exp(x) power sin(x))).png,9,8,4,10,6,7,6,7,6,7,6,7,6,7,6
462-(tan(sin(x)) multiply log(absolute(x))).png,13,12,6,9,11,6,3,7,6,7,6,7,6,7,6
463-square((exp(x) multiply absolute(x))).png,13,8,3,10,6,7,6,7,6,7,6,7,6,7,6
464-(log(square(x)) subtract identity_function(identity_function(x))).png,7,7,6,10,12,6,1,7,6,7,6,7,6,7,6
465-(square((x add x)) add identity_function(absolute(x))).png,13,7,6,7,7,0,10,6,0,7,6,7,6,7,6
466-(tan((x multiply x)) multiply constant(x)).png,5,7,7,3,11,6,3,7,6,7,6,7,6,7,6
467-(absolute(square(x)) subtract sin(sin(x))).png,9,9,6,10,13,6,1,7,6,7,6,7,6,7,6
468-tan(absolute((x multiply x))).png,7,7,3,13,6,11,6,7,6,7,6,7,6,7,6
469-absolute((exp(x) subtract sin(x))).png,9,8,1,13,6,7,6,7,6,7,6,7,6,7,6
470-(square(square(x)) power sin(sin(x))).png,9,9,6,10,10,6,4,7,6,7,6,7,6,7,6
471-constant(x).png,5,7,6,7,6,7,6,7,6,7,6,7,6,7,6
472-constant(x).png,5,7,6,7,6,7,6,7,6,7,6,7,6,7,6
473-(constant(x) subtract sin(absolute(x))).png,13,9,6,5,1,7,6,7,6,7,6,7,6,7,6
474-constant(x).png,5,7,6,7,6,7,6,7,6,7,6,7,6,7,6
475-tan((square(x) subtract tan(x))).png,11,10,1,11,6,7,6,7,6,7,6,7,6,7,6
476-(exp(square(x)) multiply constant(x)).png,5,10,8,6,3,7,6,7,6,7,6,7,6,7,6
477-constant(x).png,5,7,6,7,6,7,6,7,6,7,6,7,6,7,6
478-(constant(x) multiply identity_function(absolute(x))).png,13,7,6,5,3,7,6,7,6,7,6,7,6,7,6
479-(constant(x) add exp((x multiply x))).png,7,7,3,8,6,5,0,7,6,7,6,7,6,7,6
480-(exp(identity_function(x)) power sin(exp(x))).png,8,9,6,7,8,6,4,7,6,7,6,7,6,7,6
481-(absolute(exp(x)) add exp(identity_function(x))).png,7,8,6,8,13,6,0,7,6,7,6,7,6,7,6
482-square((tan(x) multiply square(x))).png,10,11,3,10,6,7,6,7,6,7,6,7,6,7,6
483-(constant(x) add log(absolute(x))).png,13,12,6,5,0,7,6,7,6,7,6,7,6,7,6
484-constant(x).png,5,7,6,7,6,7,6,7,6,7,6,7,6,7,6
485-(identity_function(tan(x)) subtract square((x add x))).png,7,7,0,10,6,11,7,6,1,7,6,7,6,7,6
486-(log((x multiply x)) subtract constant(x)).png,5,7,7,3,12,6,1,7,6,7,6,7,6,7,6
487-(absolute(identity_function(x)) multiply sin(exp(x))).png,8,9,6,7,13,6,3,7,6,7,6,7,6,7,6
488-square((absolute(x) multiply identity_function(x))).png,7,13,3,10,6,7,6,7,6,7,6,7,6,7,6
489-square((absolute(x) power absolute(x))).png,13,13,4,10,6,7,6,7,6,7,6,7,6,7,6
490-(tan((x add x)) subtract exp(absolute(x))).png,13,8,6,7,7,0,11,6,1,7,6,7,6,7,6
491-(identity_function((x multiply x)) power constant(x)).png,5,7,7,3,7,6,4,7,6,7,6,7,6,7,6
492-(constant(x) add square(sin(x))).png,9,10,6,5,0,7,6,7,6,7,6,7,6,7,6
493-(exp((x multiply x)) subtract exp(sin(x))).png,9,8,6,7,7,3,8,6,1,7,6,7,6,7,6
494-sin(tan(absolute(x))).png,13,11,6,9,6,7,6,7,6,7,6,7,6,7,6
495-tan((square(x) add tan(x))).png,11,10,0,11,6,7,6,7,6,7,6,7,6,7,6
496-(tan(tan(x)) subtract identity_function((x add x))).png,7,7,0,7,6,11,11,6,1,7,6,7,6,7,6
497-sin((exp(x) multiply exp(x))).png,8,8,3,9,6,7,6,7,6,7,6,7,6,7,6
498-tan((sin(x) subtract absolute(x))).png,13,9,1,11,6,7,6,7,6,7,6,7,6,7,6
499-(absolute(identity_function(x)) true_divide identity_function(exp(x))).png,8,7,6,7,13,6,2,7,6,7,6,7,6,7,6
500-(square(identity_function(x)) multiply log((x multiply x))).png,7,7,3,12,6,7,10,6,3,7,6,7,6,7,6
501-(identity_function(identity_function(x)) multiply exp((x multiply x))).png,7,7,3,8,6,7,7,6,3,7,6,7,6,7,6
502-(constant(x) add square((x multiply x))).png,7,7,3,10,6,5,0,7,6,7,6,7,6,7,6
503-sin((tan(x) multiply sin(x))).png,9,11,3,9,6,7,6,7,6,7,6,7,6,7,6
504-tan(square(square(x))).png,10,10,6,11,6,7,6,7,6,7,6,7,6,7,6
505-constant(x).png,5,7,6,7,6,7,6,7,6,7,6,7,6,7,6
506-(constant(x) subtract tan(absolute(x))).png,13,11,6,5,1,7,6,7,6,7,6,7,6,7,6
507-identity_function(exp((x add x))).png,7,7,0,8,6,7,6,7,6,7,6,7,6,7,6
508-(constant(x) multiply constant(x)).png,5,5,3,7,6,7,6,7,6,7,6,7,6,7,6
509-sin(absolute(square(x))).png,10,13,6,9,6,7,6,7,6,7,6,7,6,7,6
510-(constant(x) true_divide absolute(absolute(x))).png,13,13,6,5,2,7,6,7,6,7,6,7,6,7,6
511-absolute(sin((x add x))).png,7,7,0,9,6,13,6,7,6,7,6,7,6,7,6
512-identity_function((exp(x) true_divide sin(x))).png,9,8,2,7,6,7,6,7,6,7,6,7,6,7,6
513-(constant(x) true_divide sin(absolute(x))).png,13,9,6,5,2,7,6,7,6,7,6,7,6,7,6
514-sin((exp(x) add absolute(x))).png,13,8,0,9,6,7,6,7,6,7,6,7,6,7,6
515-tan((exp(x) subtract sin(x))).png,9,8,1,11,6,7,6,7,6,7,6,7,6,7,6
516-tan((square(x) add identity_function(x))).png,7,10,0,11,6,7,6,7,6,7,6,7,6,7,6
517-identity_function((tan(x) add square(x))).png,10,11,0,7,6,7,6,7,6,7,6,7,6,7,6
518-exp(square((x add x))).png,7,7,0,10,6,8,6,7,6,7,6,7,6,7,6
519-tan((absolute(x) true_divide sin(x))).png,9,13,2,11,6,7,6,7,6,7,6,7,6,7,6
520-constant(x).png,5,7,6,7,6,7,6,7,6,7,6,7,6,7,6
521-log((exp(x) multiply square(x))).png,10,8,3,12,6,7,6,7,6,7,6,7,6,7,6
522-identity_function(square((x multiply x))).png,7,7,3,10,6,7,6,7,6,7,6,7,6,7,6
523-constant(x).png,5,7,6,7,6,7,6,7,6,7,6,7,6,7,6
524-absolute(square((x add x))).png,7,7,0,10,6,13,6,7,6,7,6,7,6,7,6
525-log((square(x) power square(x))).png,10,10,4,12,6,7,6,7,6,7,6,7,6,7,6
526-(exp(absolute(x)) add constant(x)).png,5,13,8,6,0,7,6,7,6,7,6,7,6,7,6
527-(constant(x) add tan((x add x))).png,7,7,0,11,6,5,0,7,6,7,6,7,6,7,6
528-absolute(tan(square(x))).png,10,11,6,13,6,7,6,7,6,7,6,7,6,7,6
529-(absolute(square(x)) subtract tan(identity_function(x))).png,7,11,6,10,13,6,1,7,6,7,6,7,6,7,6
530-(constant(x) power exp(sin(x))).png,9,8,6,5,4,7,6,7,6,7,6,7,6,7,6
531-constant(x).png,5,7,6,7,6,7,6,7,6,7,6,7,6,7,6
532-(log((x multiply x)) add tan((x multiply x))).png,7,7,3,11,6,7,7,3,12,6,0,7,6,7,6
533-sin((identity_function(x) multiply sin(x))).png,9,7,3,9,6,7,6,7,6,7,6,7,6,7,6
534-(constant(x) power exp(sin(x))).png,9,8,6,5,4,7,6,7,6,7,6,7,6,7,6
535-sin(square(exp(x))).png,8,10,6,9,6,7,6,7,6,7,6,7,6,7,6
536-identity_function(tan(exp(x))).png,8,11,6,7,6,7,6,7,6,7,6,7,6,7,6
537-constant(x).png,5,7,6,7,6,7,6,7,6,7,6,7,6,7,6
538-identity_function(exp(sin(x))).png,9,8,6,7,6,7,6,7,6,7,6,7,6,7,6
539-sin((exp(x) multiply tan(x))).png,11,8,3,9,6,7,6,7,6,7,6,7,6,7,6
540-square(square((x multiply x))).png,7,7,3,10,6,10,6,7,6,7,6,7,6,7,6
541-(square((x add x)) multiply constant(x)).png,5,7,7,0,10,6,3,7,6,7,6,7,6,7,6
542-(log(exp(x)) multiply constant(x)).png,5,8,12,6,3,7,6,7,6,7,6,7,6,7,6
543-(exp(absolute(x)) multiply identity_function(absolute(x))).png,13,7,6,13,8,6,3,7,6,7,6,7,6,7,6
544-(sin((x multiply x)) subtract exp(sin(x))).png,9,8,6,7,7,3,9,6,1,7,6,7,6,7,6
545-exp((exp(x) true_divide absolute(x))).png,13,8,2,8,6,7,6,7,6,7,6,7,6,7,6
546-log(absolute(exp(x))).png,8,13,6,12,6,7,6,7,6,7,6,7,6,7,6
547-(tan(tan(x)) add identity_function(exp(x))).png,8,7,6,11,11,6,0,7,6,7,6,7,6,7,6
548-(constant(x) add sin(identity_function(x))).png,7,9,6,5,0,7,6,7,6,7,6,7,6,7,6
549-(log(exp(x)) true_divide constant(x)).png,5,8,12,6,2,7,6,7,6,7,6,7,6,7,6
550-(constant(x) add square((x multiply x))).png,7,7,3,10,6,5,0,7,6,7,6,7,6,7,6
551-(absolute((x multiply x)) add tan((x multiply x))).png,7,7,3,11,6,7,7,3,13,6,0,7,6,7,6
552-sin(identity_function(exp(x))).png,8,7,6,9,6,7,6,7,6,7,6,7,6,7,6
553-sin((absolute(x) true_divide tan(x))).png,11,13,2,9,6,7,6,7,6,7,6,7,6,7,6
554-(tan((x multiply x)) multiply absolute(sin(x))).png,9,13,6,7,7,3,11,6,3,7,6,7,6,7,6
555-sin((identity_function(x) multiply identity_function(x))).png,7,7,3,9,6,7,6,7,6,7,6,7,6,7,6
556-identity_function((sin(x) multiply identity_function(x))).png,7,9,3,7,6,7,6,7,6,7,6,7,6,7,6
557-constant(x).png,5,7,6,7,6,7,6,7,6,7,6,7,6,7,6
558-(identity_function(absolute(x)) power absolute(sin(x))).png,9,13,6,13,7,6,4,7,6,7,6,7,6,7,6
559-tan((sin(x) add exp(x))).png,8,9,0,11,6,7,6,7,6,7,6,7,6,7,6
560-(sin(tan(x)) add tan(exp(x))).png,8,11,6,11,9,6,0,7,6,7,6,7,6,7,6
561-exp((absolute(x) subtract square(x))).png,10,13,1,8,6,7,6,7,6,7,6,7,6,7,6
562-constant(x).png,5,7,6,7,6,7,6,7,6,7,6,7,6,7,6
563-constant(x).png,5,7,6,7,6,7,6,7,6,7,6,7,6,7,6
564-(sin(identity_function(x)) subtract tan(absolute(x))).png,13,11,6,7,9,6,1,7,6,7,6,7,6,7,6
565-(sin((x add x)) add identity_function(absolute(x))).png,13,7,6,7,7,0,9,6,0,7,6,7,6,7,6
566-constant(x).png,5,7,6,7,6,7,6,7,6,7,6,7,6,7,6
567-sin((absolute(x) subtract square(x))).png,10,13,1,9,6,7,6,7,6,7,6,7,6,7,6
568-identity_function(square((x multiply x))).png,7,7,3,10,6,7,6,7,6,7,6,7,6,7,6
569-constant(x).png,5,7,6,7,6,7,6,7,6,7,6,7,6,7,6
570-sin(exp(sin(x))).png,9,8,6,9,6,7,6,7,6,7,6,7,6,7,6
571-log((exp(x) add absolute(x))).png,13,8,0,12,6,7,6,7,6,7,6,7,6,7,6
572-(identity_function(absolute(x)) multiply identity_function(tan(x))).png,11,7,6,13,7,6,3,7,6,7,6,7,6,7,6
573-constant(x).png,5,7,6,7,6,7,6,7,6,7,6,7,6,7,6
574-(sin((x add x)) multiply constant(x)).png,5,7,7,0,9,6,3,7,6,7,6,7,6,7,6
575-square(exp((x add x))).png,7,7,0,8,6,10,6,7,6,7,6,7,6,7,6
576-(square(exp(x)) power sin(identity_function(x))).png,7,9,6,8,10,6,4,7,6,7,6,7,6,7,6
577-constant(x).png,5,7,6,7,6,7,6,7,6,7,6,7,6,7,6
578-(constant(x) subtract tan((x add x))).png,7,7,0,11,6,5,1,7,6,7,6,7,6,7,6
579-(constant(x) add constant(x)).png,5,5,0,7,6,7,6,7,6,7,6,7,6,7,6
580-log((exp(x) multiply square(x))).png,10,8,3,12,6,7,6,7,6,7,6,7,6,7,6
581-tan((sin(x) subtract square(x))).png,10,9,1,11,6,7,6,7,6,7,6,7,6,7,6
582-identity_function((identity_function(x) subtract absolute(x))).png,13,7,1,7,6,7,6,7,6,7,6,7,6,7,6
583-sin((absolute(x) multiply sin(x))).png,9,13,3,9,6,7,6,7,6,7,6,7,6,7,6
584-sin((absolute(x) add identity_function(x))).png,7,13,0,9,6,7,6,7,6,7,6,7,6,7,6
585-sin((absolute(x) subtract exp(x))).png,8,13,1,9,6,7,6,7,6,7,6,7,6,7,6
586-(identity_function(absolute(x)) subtract constant(x)).png,5,13,7,6,1,7,6,7,6,7,6,7,6,7,6
587-(identity_function(tan(x)) subtract identity_function((x multiply x))).png,7,7,3,7,6,11,7,6,1,7,6,7,6,7,6
588-square(square(square(x))).png,10,10,6,10,6,7,6,7,6,7,6,7,6,7,6
589-(absolute(tan(x)) add absolute(sin(x))).png,9,13,6,11,13,6,0,7,6,7,6,7,6,7,6
590-constant(x).png,5,7,6,7,6,7,6,7,6,7,6,7,6,7,6
591-constant(x).png,5,7,6,7,6,7,6,7,6,7,6,7,6,7,6
592-identity_function(sin((x add x))).png,7,7,0,9,6,7,6,7,6,7,6,7,6,7,6
593-(absolute(sin(x)) power constant(x)).png,5,9,13,6,4,7,6,7,6,7,6,7,6,7,6
594-(sin(tan(x)) subtract constant(x)).png,5,11,9,6,1,7,6,7,6,7,6,7,6,7,6
595-(square(identity_function(x)) true_divide constant(x)).png,5,7,10,6,2,7,6,7,6,7,6,7,6,7,6
596-identity_function(exp(identity_function(x))).png,7,8,6,7,6,7,6,7,6,7,6,7,6,7,6
597-identity_function((exp(x) subtract sin(x))).png,9,8,1,7,6,7,6,7,6,7,6,7,6,7,6
598-(identity_function((x add x)) subtract square(absolute(x))).png,13,10,6,7,7,0,7,6,1,7,6,7,6,7,6
599-exp(tan((x multiply x))).png,7,7,3,11,6,8,6,7,6,7,6,7,6,7,6
600-square(square(tan(x))).png,11,10,6,10,6,7,6,7,6,7,6,7,6,7,6
601-sin((exp(x) true_divide square(x))).png,10,8,2,9,6,7,6,7,6,7,6,7,6,7,6
602-constant(x).png,5,7,6,7,6,7,6,7,6,7,6,7,6,7,6
603-tan(identity_function(square(x))).png,10,7,6,11,6,7,6,7,6,7,6,7,6,7,6
604-exp((absolute(x) true_divide identity_function(x))).png,7,13,2,8,6,7,6,7,6,7,6,7,6,7,6
605-(tan(absolute(x)) multiply exp(sin(x))).png,9,8,6,13,11,6,3,7,6,7,6,7,6,7,6
606-sin(square((x add x))).png,7,7,0,10,6,9,6,7,6,7,6,7,6,7,6
607-(identity_function(identity_function(x)) subtract exp(identity_function(x))).png,7,8,6,7,7,6,1,7,6,7,6,7,6,7,6
608-(exp(sin(x)) power constant(x)).png,5,9,8,6,4,7,6,7,6,7,6,7,6,7,6
609-(absolute(tan(x)) true_divide square(square(x))).png,10,10,6,11,13,6,2,7,6,7,6,7,6,7,6
610-square((identity_function(x) true_divide exp(x))).png,8,7,2,10,6,7,6,7,6,7,6,7,6,7,6
611-identity_function(identity_function(identity_function(x))).png,7,7,6,7,6,7,6,7,6,7,6,7,6,7,6
612-(exp((x multiply x)) subtract absolute((x add x))).png,7,7,0,13,6,7,7,3,8,6,1,7,6,7,6
613-exp(log(absolute(x))).png,13,12,6,8,6,7,6,7,6,7,6,7,6,7,6
614-(absolute(identity_function(x)) subtract constant(x)).png,5,7,13,6,1,7,6,7,6,7,6,7,6,7,6
615-exp((identity_function(x) add absolute(x))).png,13,7,0,8,6,7,6,7,6,7,6,7,6,7,6
616-tan((exp(x) true_divide sin(x))).png,9,8,2,11,6,7,6,7,6,7,6,7,6,7,6
617-(constant(x) multiply absolute((x add x))).png,7,7,0,13,6,5,3,7,6,7,6,7,6,7,6
618-(constant(x) multiply identity_function((x multiply x))).png,7,7,3,7,6,5,3,7,6,7,6,7,6,7,6
619-(absolute((x multiply x)) subtract tan(square(x))).png,10,11,6,7,7,3,13,6,1,7,6,7,6,7,6
620-(tan(exp(x)) add log(absolute(x))).png,13,12,6,8,11,6,0,7,6,7,6,7,6,7,6
621-constant(x).png,5,7,6,7,6,7,6,7,6,7,6,7,6,7,6
622-sin((square(x) power sin(x))).png,9,10,4,9,6,7,6,7,6,7,6,7,6,7,6
623-(identity_function(exp(x)) add constant(x)).png,5,8,7,6,0,7,6,7,6,7,6,7,6,7,6
624-sin(exp(identity_function(x))).png,7,8,6,9,6,7,6,7,6,7,6,7,6,7,6
625-exp((square(x) subtract identity_function(x))).png,7,10,1,8,6,7,6,7,6,7,6,7,6,7,6
626-(sin(absolute(x)) multiply constant(x)).png,5,13,9,6,3,7,6,7,6,7,6,7,6,7,6
627-(exp((x multiply x)) true_divide absolute((x multiply x))).png,7,7,3,13,6,7,7,3,8,6,2,7,6,7,6
628-tan(exp(absolute(x))).png,13,8,6,11,6,7,6,7,6,7,6,7,6,7,6
629-(constant(x) multiply absolute(sin(x))).png,9,13,6,5,3,7,6,7,6,7,6,7,6,7,6
630-square(absolute((x add x))).png,7,7,0,13,6,10,6,7,6,7,6,7,6,7,6
631-(sin(tan(x)) add tan((x multiply x))).png,7,7,3,11,6,11,9,6,0,7,6,7,6,7,6
632-tan((tan(x) multiply exp(x))).png,8,11,3,11,6,7,6,7,6,7,6,7,6,7,6
633-(identity_function(tan(x)) subtract identity_function(absolute(x))).png,13,7,6,11,7,6,1,7,6,7,6,7,6,7,6
634-identity_function((exp(x) subtract sin(x))).png,9,8,1,7,6,7,6,7,6,7,6,7,6,7,6
635-log(exp(square(x))).png,10,8,6,12,6,7,6,7,6,7,6,7,6,7,6
636-tan((tan(x) subtract square(x))).png,10,11,1,11,6,7,6,7,6,7,6,7,6,7,6
637-constant(x).png,5,7,6,7,6,7,6,7,6,7,6,7,6,7,6
638-absolute(identity_function((x multiply x))).png,7,7,3,7,6,13,6,7,6,7,6,7,6,7,6
639-absolute((absolute(x) add square(x))).png,10,13,0,13,6,7,6,7,6,7,6,7,6,7,6
640-absolute(exp(sin(x))).png,9,8,6,13,6,7,6,7,6,7,6,7,6,7,6
641-absolute((square(x) add identity_function(x))).png,7,10,0,13,6,7,6,7,6,7,6,7,6,7,6
642-(constant(x) multiply square(square(x))).png,10,10,6,5,3,7,6,7,6,7,6,7,6,7,6
643-tan(exp(sin(x))).png,9,8,6,11,6,7,6,7,6,7,6,7,6,7,6
644-tan(square(absolute(x))).png,13,10,6,11,6,7,6,7,6,7,6,7,6,7,6
645-identity_function((sin(x) true_divide absolute(x))).png,13,9,2,7,6,7,6,7,6,7,6,7,6,7,6
646-(identity_function(exp(x)) true_divide constant(x)).png,5,8,7,6,2,7,6,7,6,7,6,7,6,7,6
647-tan((identity_function(x) add identity_function(x))).png,7,7,0,11,6,7,6,7,6,7,6,7,6,7,6
648-tan(absolute((x add x))).png,7,7,0,13,6,11,6,7,6,7,6,7,6,7,6
649-tan(identity_function(sin(x))).png,9,7,6,11,6,7,6,7,6,7,6,7,6,7,6
650-(absolute(identity_function(x)) multiply tan(absolute(x))).png,13,11,6,7,13,6,3,7,6,7,6,7,6,7,6
651-absolute((absolute(x) subtract tan(x))).png,11,13,1,13,6,7,6,7,6,7,6,7,6,7,6
652-(constant(x) power identity_function((x multiply x))).png,7,7,3,7,6,5,4,7,6,7,6,7,6,7,6
653-square(identity_function(exp(x))).png,8,7,6,10,6,7,6,7,6,7,6,7,6,7,6
654-sin((tan(x) subtract exp(x))).png,8,11,1,9,6,7,6,7,6,7,6,7,6,7,6
655-(constant(x) subtract absolute(absolute(x))).png,13,13,6,5,1,7,6,7,6,7,6,7,6,7,6
656-(sin((x multiply x)) add absolute((x add x))).png,7,7,0,13,6,7,7,3,9,6,0,7,6,7,6
657-(identity_function(tan(x)) subtract constant(x)).png,5,11,7,6,1,7,6,7,6,7,6,7,6,7,6
658-constant(x).png,5,7,6,7,6,7,6,7,6,7,6,7,6,7,6
659-absolute((absolute(x) add identity_function(x))).png,7,13,0,13,6,7,6,7,6,7,6,7,6,7,6
660-sin((absolute(x) multiply absolute(x))).png,13,13,3,9,6,7,6,7,6,7,6,7,6,7,6
661-(identity_function(absolute(x)) power square((x add x))).png,7,7,0,10,6,13,7,6,4,7,6,7,6,7,6
662-(square(square(x)) add identity_function(square(x))).png,10,7,6,10,10,6,0,7,6,7,6,7,6,7,6
663-(exp((x multiply x)) power constant(x)).png,5,7,7,3,8,6,4,7,6,7,6,7,6,7,6
664-(absolute(exp(x)) add constant(x)).png,5,8,13,6,0,7,6,7,6,7,6,7,6,7,6
665-constant(x).png,5,7,6,7,6,7,6,7,6,7,6,7,6,7,6
666-sin((square(x) add absolute(x))).png,13,10,0,9,6,7,6,7,6,7,6,7,6,7,6
667-identity_function((exp(x) add tan(x))).png,11,8,0,7,6,7,6,7,6,7,6,7,6,7,6
668-absolute(tan(tan(x))).png,11,11,6,13,6,7,6,7,6,7,6,7,6,7,6
669-(exp(identity_function(x)) multiply log(exp(x))).png,8,12,6,7,8,6,3,7,6,7,6,7,6,7,6
670-(constant(x) multiply sin((x multiply x))).png,7,7,3,9,6,5,3,7,6,7,6,7,6,7,6
671-constant(x).png,5,7,6,7,6,7,6,7,6,7,6,7,6,7,6
672-(square(absolute(x)) add constant(x)).png,5,13,10,6,0,7,6,7,6,7,6,7,6,7,6
673-(absolute(sin(x)) multiply absolute((x add x))).png,7,7,0,13,6,9,13,6,3,7,6,7,6,7,6
674-(square(exp(x)) subtract identity_function((x multiply x))).png,7,7,3,7,6,8,10,6,1,7,6,7,6,7,6
675-constant(x).png,5,7,6,7,6,7,6,7,6,7,6,7,6,7,6
676-(identity_function(identity_function(x)) multiply identity_function(square(x))).png,10,7,6,7,7,6,3,7,6,7,6,7,6,7,6
677-(constant(x) add tan(square(x))).png,10,11,6,5,0,7,6,7,6,7,6,7,6,7,6
678-sin((absolute(x) multiply exp(x))).png,8,13,3,9,6,7,6,7,6,7,6,7,6,7,6
679-(sin(square(x)) true_divide constant(x)).png,5,10,9,6,2,7,6,7,6,7,6,7,6,7,6
680-constant(x).png,5,7,6,7,6,7,6,7,6,7,6,7,6,7,6
681-identity_function(absolute(tan(x))).png,11,13,6,7,6,7,6,7,6,7,6,7,6,7,6
682-(square((x add x)) add absolute(sin(x))).png,9,13,6,7,7,0,10,6,0,7,6,7,6,7,6
683-square(tan(identity_function(x))).png,7,11,6,10,6,7,6,7,6,7,6,7,6,7,6
684-(absolute(absolute(x)) add square((x multiply x))).png,7,7,3,10,6,13,13,6,0,7,6,7,6,7,6
685-sin((identity_function(x) add tan(x))).png,11,7,0,9,6,7,6,7,6,7,6,7,6,7,6
686-identity_function(absolute((x multiply x))).png,7,7,3,13,6,7,6,7,6,7,6,7,6,7,6
687-absolute(absolute((x add x))).png,7,7,0,13,6,13,6,7,6,7,6,7,6,7,6
688-tan((square(x) true_divide tan(x))).png,11,10,2,11,6,7,6,7,6,7,6,7,6,7,6
689-constant(x).png,5,7,6,7,6,7,6,7,6,7,6,7,6,7,6
690-sin(square((x multiply x))).png,7,7,3,10,6,9,6,7,6,7,6,7,6,7,6
691-(constant(x) multiply sin((x multiply x))).png,7,7,3,9,6,5,3,7,6,7,6,7,6,7,6
692-(absolute(sin(x)) multiply tan(identity_function(x))).png,7,11,6,9,13,6,3,7,6,7,6,7,6,7,6
693-sin(exp(absolute(x))).png,13,8,6,9,6,7,6,7,6,7,6,7,6,7,6
694-(exp((x multiply x)) subtract constant(x)).png,5,7,7,3,8,6,1,7,6,7,6,7,6,7,6
695-absolute(exp((x add x))).png,7,7,0,8,6,13,6,7,6,7,6,7,6,7,6
696-identity_function((exp(x) add absolute(x))).png,13,8,0,7,6,7,6,7,6,7,6,7,6,7,6
697-(identity_function(exp(x)) add constant(x)).png,5,8,7,6,0,7,6,7,6,7,6,7,6,7,6
698-exp(identity_function((x multiply x))).png,7,7,3,7,6,8,6,7,6,7,6,7,6,7,6
699-(constant(x) multiply constant(x)).png,5,5,3,7,6,7,6,7,6,7,6,7,6,7,6
700-(tan(sin(x)) subtract sin(exp(x))).png,8,9,6,9,11,6,1,7,6,7,6,7,6,7,6
701-square(identity_function(sin(x))).png,9,7,6,10,6,7,6,7,6,7,6,7,6,7,6
702-identity_function((absolute(x) true_divide tan(x))).png,11,13,2,7,6,7,6,7,6,7,6,7,6,7,6
703-(constant(x) multiply sin((x multiply x))).png,7,7,3,9,6,5,3,7,6,7,6,7,6,7,6
704-log(exp(absolute(x))).png,13,8,6,12,6,7,6,7,6,7,6,7,6,7,6
705-square((tan(x) subtract exp(x))).png,8,11,1,10,6,7,6,7,6,7,6,7,6,7,6
706-(sin((x multiply x)) multiply square(square(x))).png,10,10,6,7,7,3,9,6,3,7,6,7,6,7,6
707-log(exp((x add x))).png,7,7,0,8,6,12,6,7,6,7,6,7,6,7,6
708-(square(exp(x)) multiply identity_function(sin(x))).png,9,7,6,8,10,6,3,7,6,7,6,7,6,7,6
709-identity_function(identity_function((x add x))).png,7,7,0,7,6,7,6,7,6,7,6,7,6,7,6
710-sin((square(x) subtract exp(x))).png,8,10,1,9,6,7,6,7,6,7,6,7,6,7,6
711-tan((square(x) power square(x))).png,10,10,4,11,6,7,6,7,6,7,6,7,6,7,6
712-identity_function((exp(x) subtract absolute(x))).png,13,8,1,7,6,7,6,7,6,7,6,7,6,7,6
713-(identity_function(tan(x)) subtract identity_function((x multiply x))).png,7,7,3,7,6,11,7,6,1,7,6,7,6,7,6
714-constant(x).png,5,7,6,7,6,7,6,7,6,7,6,7,6,7,6
715-tan(square((x add x))).png,7,7,0,10,6,11,6,7,6,7,6,7,6,7,6
716-(exp(sin(x)) true_divide log(absolute(x))).png,13,12,6,9,8,6,2,7,6,7,6,7,6,7,6
717-absolute(square(identity_function(x))).png,7,10,6,13,6,7,6,7,6,7,6,7,6,7,6
718-(constant(x) add absolute(exp(x))).png,8,13,6,5,0,7,6,7,6,7,6,7,6,7,6
719-square((absolute(x) add tan(x))).png,11,13,0,10,6,7,6,7,6,7,6,7,6,7,6
720-(constant(x) multiply identity_function(absolute(x))).png,13,7,6,5,3,7,6,7,6,7,6,7,6,7,6
721-(constant(x) add identity_function(square(x))).png,10,7,6,5,0,7,6,7,6,7,6,7,6,7,6
722-absolute((square(x) true_divide tan(x))).png,11,10,2,13,6,7,6,7,6,7,6,7,6,7,6
723-constant(x).png,5,7,6,7,6,7,6,7,6,7,6,7,6,7,6
724-identity_function((absolute(x) add sin(x))).png,9,13,0,7,6,7,6,7,6,7,6,7,6,7,6
725-square(square(exp(x))).png,8,10,6,10,6,7,6,7,6,7,6,7,6,7,6
726-(constant(x) true_divide square(identity_function(x))).png,7,10,6,5,2,7,6,7,6,7,6,7,6,7,6
727-identity_function(identity_function(exp(x))).png,8,7,6,7,6,7,6,7,6,7,6,7,6,7,6
728-absolute(identity_function(square(x))).png,10,7,6,13,6,7,6,7,6,7,6,7,6,7,6
729-(absolute(tan(x)) power constant(x)).png,5,11,13,6,4,7,6,7,6,7,6,7,6,7,6
730-(sin(sin(x)) add sin((x add x))).png,7,7,0,9,6,9,9,6,0,7,6,7,6,7,6
731-(constant(x) multiply log(square(x))).png,10,12,6,5,3,7,6,7,6,7,6,7,6,7,6
732-(sin((x add x)) add tan(identity_function(x))).png,7,11,6,7,7,0,9,6,0,7,6,7,6,7,6
733-(sin(exp(x)) multiply identity_function(identity_function(x))).png,7,7,6,8,9,6,3,7,6,7,6,7,6,7,6
734-identity_function((square(x) power sin(x))).png,9,10,4,7,6,7,6,7,6,7,6,7,6,7,6
735-(log((x multiply x)) true_divide exp(absolute(x))).png,13,8,6,7,7,3,12,6,2,7,6,7,6,7,6
736-sin(tan(exp(x))).png,8,11,6,9,6,7,6,7,6,7,6,7,6,7,6
737-square(identity_function(absolute(x))).png,13,7,6,10,6,7,6,7,6,7,6,7,6,7,6
738-(tan(sin(x)) add exp(absolute(x))).png,13,8,6,9,11,6,0,7,6,7,6,7,6,7,6
739-(absolute(identity_function(x)) multiply exp(identity_function(x))).png,7,8,6,7,13,6,3,7,6,7,6,7,6,7,6
740-sin((identity_function(x) true_divide tan(x))).png,11,7,2,9,6,7,6,7,6,7,6,7,6,7,6
741-sin((exp(x) subtract absolute(x))).png,13,8,1,9,6,7,6,7,6,7,6,7,6,7,6
742-square((absolute(x) power identity_function(x))).png,7,13,4,10,6,7,6,7,6,7,6,7,6,7,6
743-(exp((x add x)) multiply tan(tan(x))).png,11,11,6,7,7,0,8,6,3,7,6,7,6,7,6
744-constant(x).png,5,7,6,7,6,7,6,7,6,7,6,7,6,7,6
745-(square(absolute(x)) power constant(x)).png,5,13,10,6,4,7,6,7,6,7,6,7,6,7,6
746-tan((identity_function(x) add absolute(x))).png,13,7,0,11,6,7,6,7,6,7,6,7,6,7,6
747-(constant(x) add tan((x multiply x))).png,7,7,3,11,6,5,0,7,6,7,6,7,6,7,6
748-square(square(exp(x))).png,8,10,6,10,6,7,6,7,6,7,6,7,6,7,6
749-(constant(x) add constant(x)).png,5,5,0,7,6,7,6,7,6,7,6,7,6,7,6
750-constant(x).png,5,7,6,7,6,7,6,7,6,7,6,7,6,7,6
751-tan((absolute(x) add absolute(x))).png,13,13,0,11,6,7,6,7,6,7,6,7,6,7,6
752-tan((square(x) add absolute(x))).png,13,10,0,11,6,7,6,7,6,7,6,7,6,7,6
753-identity_function(tan((x add x))).png,7,7,0,11,6,7,6,7,6,7,6,7,6,7,6
754-(exp(sin(x)) multiply exp(absolute(x))).png,13,8,6,9,8,6,3,7,6,7,6,7,6,7,6
755-(constant(x) multiply tan(identity_function(x))).png,7,11,6,5,3,7,6,7,6,7,6,7,6,7,6
756-(constant(x) multiply identity_function(identity_function(x))).png,7,7,6,5,3,7,6,7,6,7,6,7,6,7,6
757-(sin(square(x)) true_divide constant(x)).png,5,10,9,6,2,7,6,7,6,7,6,7,6,7,6
758-(identity_function(absolute(x)) subtract square(tan(x))).png,11,10,6,13,7,6,1,7,6,7,6,7,6,7,6
759-(exp(square(x)) subtract square((x add x))).png,7,7,0,10,6,10,8,6,1,7,6,7,6,7,6
760-exp(tan((x multiply x))).png,7,7,3,11,6,8,6,7,6,7,6,7,6,7,6
761-(sin(identity_function(x)) subtract square(sin(x))).png,9,10,6,7,9,6,1,7,6,7,6,7,6,7,6
762-sin(identity_function(sin(x))).png,9,7,6,9,6,7,6,7,6,7,6,7,6,7,6
763-constant(x).png,5,7,6,7,6,7,6,7,6,7,6,7,6,7,6
764-sin((absolute(x) power absolute(x))).png,13,13,4,9,6,7,6,7,6,7,6,7,6,7,6
765-identity_function(tan(identity_function(x))).png,7,11,6,7,6,7,6,7,6,7,6,7,6,7,6
766-absolute((sin(x) true_divide identity_function(x))).png,7,9,2,13,6,7,6,7,6,7,6,7,6,7,6
767-tan(sin(tan(x))).png,11,9,6,11,6,7,6,7,6,7,6,7,6,7,6
768-sin(square(tan(x))).png,11,10,6,9,6,7,6,7,6,7,6,7,6,7,6
769-tan((square(x) true_divide absolute(x))).png,13,10,2,11,6,7,6,7,6,7,6,7,6,7,6
770-(sin(exp(x)) true_divide constant(x)).png,5,8,9,6,2,7,6,7,6,7,6,7,6,7,6
771-(constant(x) multiply sin(exp(x))).png,8,9,6,5,3,7,6,7,6,7,6,7,6,7,6
772-square((exp(x) true_divide tan(x))).png,11,8,2,10,6,7,6,7,6,7,6,7,6,7,6
773-identity_function(tan(exp(x))).png,8,11,6,7,6,7,6,7,6,7,6,7,6,7,6
774-absolute((tan(x) subtract absolute(x))).png,13,11,1,13,6,7,6,7,6,7,6,7,6,7,6
775-(exp(identity_function(x)) true_divide sin(exp(x))).png,8,9,6,7,8,6,2,7,6,7,6,7,6,7,6
776-square((identity_function(x) subtract absolute(x))).png,13,7,1,10,6,7,6,7,6,7,6,7,6,7,6
777-(tan(absolute(x)) subtract constant(x)).png,5,13,11,6,1,7,6,7,6,7,6,7,6,7,6
778-(constant(x) true_divide tan((x multiply x))).png,7,7,3,11,6,5,2,7,6,7,6,7,6,7,6
779-identity_function((exp(x) multiply identity_function(x))).png,7,8,3,7,6,7,6,7,6,7,6,7,6,7,6
780-identity_function(absolute(tan(x))).png,11,13,6,7,6,7,6,7,6,7,6,7,6,7,6
781-constant(x).png,5,7,6,7,6,7,6,7,6,7,6,7,6,7,6
782-absolute(square((x multiply x))).png,7,7,3,10,6,13,6,7,6,7,6,7,6,7,6
783-exp((absolute(x) true_divide identity_function(x))).png,7,13,2,8,6,7,6,7,6,7,6,7,6,7,6
784-log((absolute(x) add sin(x))).png,9,13,0,12,6,7,6,7,6,7,6,7,6,7,6
785-exp(absolute(absolute(x))).png,13,13,6,8,6,7,6,7,6,7,6,7,6,7,6
786-tan(identity_function(square(x))).png,10,7,6,11,6,7,6,7,6,7,6,7,6,7,6
787-absolute(identity_function(absolute(x))).png,13,7,6,13,6,7,6,7,6,7,6,7,6,7,6
788-tan(tan((x add x))).png,7,7,0,11,6,11,6,7,6,7,6,7,6,7,6
789-(sin(identity_function(x)) subtract constant(x)).png,5,7,9,6,1,7,6,7,6,7,6,7,6,7,6
790-square(sin(sin(x))).png,9,9,6,10,6,7,6,7,6,7,6,7,6,7,6
791-constant(x).png,5,7,6,7,6,7,6,7,6,7,6,7,6,7,6
792-(constant(x) multiply log((x multiply x))).png,7,7,3,12,6,5,3,7,6,7,6,7,6,7,6
793-(absolute(sin(x)) add absolute(sin(x))).png,9,13,6,9,13,6,0,7,6,7,6,7,6,7,6
794-(square((x multiply x)) subtract exp(absolute(x))).png,13,8,6,7,7,3,10,6,1,7,6,7,6,7,6
795-constant(x).png,5,7,6,7,6,7,6,7,6,7,6,7,6,7,6
796-(exp((x multiply x)) power log(square(x))).png,10,12,6,7,7,3,8,6,4,7,6,7,6,7,6
797-sin(identity_function(exp(x))).png,8,7,6,9,6,7,6,7,6,7,6,7,6,7,6
798-constant(x).png,5,7,6,7,6,7,6,7,6,7,6,7,6,7,6
799-identity_function(identity_function((x multiply x))).png,7,7,3,7,6,7,6,7,6,7,6,7,6,7,6
800-(sin((x add x)) multiply constant(x)).png,5,7,7,0,9,6,3,7,6,7,6,7,6,7,6
801-(absolute((x multiply x)) true_divide square(absolute(x))).png,13,10,6,7,7,3,13,6,2,7,6,7,6,7,6
802-identity_function((exp(x) subtract sin(x))).png,9,8,1,7,6,7,6,7,6,7,6,7,6,7,6
803-(log(square(x)) subtract identity_function(identity_function(x))).png,7,7,6,10,12,6,1,7,6,7,6,7,6,7,6
804-(absolute(tan(x)) multiply log((x multiply x))).png,7,7,3,12,6,11,13,6,3,7,6,7,6,7,6
805-(identity_function(absolute(x)) add constant(x)).png,5,13,7,6,0,7,6,7,6,7,6,7,6,7,6
806-identity_function((identity_function(x) subtract exp(x))).png,8,7,1,7,6,7,6,7,6,7,6,7,6,7,6
807-constant(x).png,5,7,6,7,6,7,6,7,6,7,6,7,6,7,6
808-(constant(x) true_divide absolute(identity_function(x))).png,7,13,6,5,2,7,6,7,6,7,6,7,6,7,6
809-constant(x).png,5,7,6,7,6,7,6,7,6,7,6,7,6,7,6
810-(sin(tan(x)) add square(identity_function(x))).png,7,10,6,11,9,6,0,7,6,7,6,7,6,7,6
811-(tan((x add x)) true_divide sin(sin(x))).png,9,9,6,7,7,0,11,6,2,7,6,7,6,7,6
812-(square((x multiply x)) multiply constant(x)).png,5,7,7,3,10,6,3,7,6,7,6,7,6,7,6
813-(tan((x add x)) multiply square(identity_function(x))).png,7,10,6,7,7,0,11,6,3,7,6,7,6,7,6
814-(constant(x) multiply square((x multiply x))).png,7,7,3,10,6,5,3,7,6,7,6,7,6,7,6
815-identity_function((absolute(x) true_divide sin(x))).png,9,13,2,7,6,7,6,7,6,7,6,7,6,7,6
816-(absolute(identity_function(x)) true_divide square(absolute(x))).png,13,10,6,7,13,6,2,7,6,7,6,7,6,7,6
817-constant(x).png,5,7,6,7,6,7,6,7,6,7,6,7,6,7,6
818-constant(x).png,5,7,6,7,6,7,6,7,6,7,6,7,6,7,6
819-(constant(x) add identity_function(sin(x))).png,9,7,6,5,0,7,6,7,6,7,6,7,6,7,6
820-(absolute(identity_function(x)) subtract tan(sin(x))).png,9,11,6,7,13,6,1,7,6,7,6,7,6,7,6
821-(exp(sin(x)) add constant(x)).png,5,9,8,6,0,7,6,7,6,7,6,7,6,7,6
822-(tan(square(x)) subtract identity_function(exp(x))).png,8,7,6,10,11,6,1,7,6,7,6,7,6,7,6
823-(absolute(tan(x)) power square(sin(x))).png,9,10,6,11,13,6,4,7,6,7,6,7,6,7,6
824-sin((exp(x) power absolute(x))).png,13,8,4,9,6,7,6,7,6,7,6,7,6,7,6
825-(square(sin(x)) add tan(exp(x))).png,8,11,6,9,10,6,0,7,6,7,6,7,6,7,6
826-constant(x).png,5,7,6,7,6,7,6,7,6,7,6,7,6,7,6
827-(exp((x add x)) power sin((x multiply x))).png,7,7,3,9,6,7,7,0,8,6,4,7,6,7,6
828-(square(sin(x)) true_divide identity_function((x add x))).png,7,7,0,7,6,9,10,6,2,7,6,7,6,7,6
829-(square(tan(x)) true_divide identity_function(absolute(x))).png,13,7,6,11,10,6,2,7,6,7,6,7,6,7,6
830-(log(exp(x)) true_divide constant(x)).png,5,8,12,6,2,7,6,7,6,7,6,7,6,7,6
831-absolute((absolute(x) subtract exp(x))).png,8,13,1,13,6,7,6,7,6,7,6,7,6,7,6
832-(constant(x) add tan(exp(x))).png,8,11,6,5,0,7,6,7,6,7,6,7,6,7,6
833-tan((sin(x) true_divide absolute(x))).png,13,9,2,11,6,7,6,7,6,7,6,7,6,7,6
834-constant(x).png,5,7,6,7,6,7,6,7,6,7,6,7,6,7,6
835-exp(sin(absolute(x))).png,13,9,6,8,6,7,6,7,6,7,6,7,6,7,6
836-(log(absolute(x)) true_divide identity_function(tan(x))).png,11,7,6,13,12,6,2,7,6,7,6,7,6,7,6
837-(square(absolute(x)) true_divide constant(x)).png,5,13,10,6,2,7,6,7,6,7,6,7,6,7,6
838-(tan((x add x)) true_divide exp(absolute(x))).png,13,8,6,7,7,0,11,6,2,7,6,7,6,7,6
839-(constant(x) power constant(x)).png,5,5,4,7,6,7,6,7,6,7,6,7,6,7,6
840-(constant(x) multiply square(identity_function(x))).png,7,10,6,5,3,7,6,7,6,7,6,7,6,7,6
841-(absolute(exp(x)) true_divide sin(absolute(x))).png,13,9,6,8,13,6,2,7,6,7,6,7,6,7,6
842-absolute(exp((x add x))).png,7,7,0,8,6,13,6,7,6,7,6,7,6,7,6
843-constant(x).png,5,7,6,7,6,7,6,7,6,7,6,7,6,7,6
844-(identity_function(exp(x)) add identity_function(tan(x))).png,11,7,6,8,7,6,0,7,6,7,6,7,6,7,6
845-tan(tan((x add x))).png,7,7,0,11,6,11,6,7,6,7,6,7,6,7,6
846-constant(x).png,5,7,6,7,6,7,6,7,6,7,6,7,6,7,6
847-(tan(absolute(x)) add exp((x multiply x))).png,7,7,3,8,6,13,11,6,0,7,6,7,6,7,6
848-tan((square(x) multiply identity_function(x))).png,7,10,3,11,6,7,6,7,6,7,6,7,6,7,6
849-(constant(x) subtract exp((x add x))).png,7,7,0,8,6,5,1,7,6,7,6,7,6,7,6
850-identity_function((tan(x) add identity_function(x))).png,7,11,0,7,6,7,6,7,6,7,6,7,6,7,6
851-(square(identity_function(x)) subtract constant(x)).png,5,7,10,6,1,7,6,7,6,7,6,7,6,7,6
852-log(absolute(exp(x))).png,8,13,6,12,6,7,6,7,6,7,6,7,6,7,6
853-log((absolute(x) multiply square(x))).png,10,13,3,12,6,7,6,7,6,7,6,7,6,7,6
854-(constant(x) multiply absolute(identity_function(x))).png,7,13,6,5,3,7,6,7,6,7,6,7,6,7,6
855-(square((x multiply x)) true_divide identity_function((x add x))).png,7,7,0,7,6,7,7,3,10,6,2,7,6,7,6
856-(absolute(tan(x)) subtract constant(x)).png,5,11,13,6,1,7,6,7,6,7,6,7,6,7,6
857-sin((identity_function(x) subtract exp(x))).png,8,7,1,9,6,7,6,7,6,7,6,7,6,7,6
858-(square((x multiply x)) multiply identity_function(identity_function(x))).png,7,7,6,7,7,3,10,6,3,7,6,7,6,7,6
859-(log(exp(x)) multiply identity_function((x add x))).png,7,7,0,7,6,8,12,6,3,7,6,7,6,7,6
860-square((identity_function(x) true_divide sin(x))).png,9,7,2,10,6,7,6,7,6,7,6,7,6,7,6
861-(absolute(absolute(x)) multiply sin(sin(x))).png,9,9,6,13,13,6,3,7,6,7,6,7,6,7,6
862-(constant(x) multiply constant(x)).png,5,5,3,7,6,7,6,7,6,7,6,7,6,7,6
863-(constant(x) multiply tan(square(x))).png,10,11,6,5,3,7,6,7,6,7,6,7,6,7,6
864-(tan(tan(x)) multiply sin(exp(x))).png,8,9,6,11,11,6,3,7,6,7,6,7,6,7,6
865-log(absolute(tan(x))).png,11,13,6,12,6,7,6,7,6,7,6,7,6,7,6
866-(log((x multiply x)) add constant(x)).png,5,7,7,3,12,6,0,7,6,7,6,7,6,7,6
867-(sin(square(x)) add constant(x)).png,5,10,9,6,0,7,6,7,6,7,6,7,6,7,6
868-(absolute(sin(x)) multiply identity_function(exp(x))).png,8,7,6,9,13,6,3,7,6,7,6,7,6,7,6
869-tan(identity_function(exp(x))).png,8,7,6,11,6,7,6,7,6,7,6,7,6,7,6
870-tan(square(tan(x))).png,11,10,6,11,6,7,6,7,6,7,6,7,6,7,6
871-absolute(absolute(absolute(x))).png,13,13,6,13,6,7,6,7,6,7,6,7,6,7,6
872-sin(tan(exp(x))).png,8,11,6,9,6,7,6,7,6,7,6,7,6,7,6
873-(sin(identity_function(x)) subtract sin(square(x))).png,10,9,6,7,9,6,1,7,6,7,6,7,6,7,6
874-(identity_function(square(x)) multiply absolute(square(x))).png,10,13,6,10,7,6,3,7,6,7,6,7,6,7,6
875-identity_function(sin((x multiply x))).png,7,7,3,9,6,7,6,7,6,7,6,7,6,7,6
876-(tan((x multiply x)) multiply constant(x)).png,5,7,7,3,11,6,3,7,6,7,6,7,6,7,6
877-(sin((x add x)) subtract constant(x)).png,5,7,7,0,9,6,1,7,6,7,6,7,6,7,6
878-square((absolute(x) add square(x))).png,10,13,0,10,6,7,6,7,6,7,6,7,6,7,6
879-(constant(x) subtract tan(exp(x))).png,8,11,6,5,1,7,6,7,6,7,6,7,6,7,6
880-(constant(x) power tan(square(x))).png,10,11,6,5,4,7,6,7,6,7,6,7,6,7,6
881-sin(identity_function(sin(x))).png,9,7,6,9,6,7,6,7,6,7,6,7,6,7,6
882-(square(tan(x)) multiply constant(x)).png,5,11,10,6,3,7,6,7,6,7,6,7,6,7,6
883-(absolute((x add x)) power constant(x)).png,5,7,7,0,13,6,4,7,6,7,6,7,6,7,6
884-(tan(exp(x)) add exp(identity_function(x))).png,7,8,6,8,11,6,0,7,6,7,6,7,6,7,6
885-(square((x add x)) true_divide log((x multiply x))).png,7,7,3,12,6,7,7,0,10,6,2,7,6,7,6
886-(square(exp(x)) subtract square(tan(x))).png,11,10,6,8,10,6,1,7,6,7,6,7,6,7,6
887-tan((exp(x) add tan(x))).png,11,8,0,11,6,7,6,7,6,7,6,7,6,7,6
888-(square(absolute(x)) subtract tan(identity_function(x))).png,7,11,6,13,10,6,1,7,6,7,6,7,6,7,6
889-sin((tan(x) subtract identity_function(x))).png,7,11,1,9,6,7,6,7,6,7,6,7,6,7,6
890-(absolute(absolute(x)) add constant(x)).png,5,13,13,6,0,7,6,7,6,7,6,7,6,7,6
891-constant(x).png,5,7,6,7,6,7,6,7,6,7,6,7,6,7,6
892-constant(x).png,5,7,6,7,6,7,6,7,6,7,6,7,6,7,6
893-tan(absolute(tan(x))).png,11,13,6,11,6,7,6,7,6,7,6,7,6,7,6
894-(exp((x add x)) add log((x multiply x))).png,7,7,3,12,6,7,7,0,8,6,0,7,6,7,6
895-constant(x).png,5,7,6,7,6,7,6,7,6,7,6,7,6,7,6
896-square((tan(x) multiply exp(x))).png,8,11,3,10,6,7,6,7,6,7,6,7,6,7,6
897-(absolute(sin(x)) multiply absolute(square(x))).png,10,13,6,9,13,6,3,7,6,7,6,7,6,7,6
898-tan((exp(x) subtract identity_function(x))).png,7,8,1,11,6,7,6,7,6,7,6,7,6,7,6
899-sin(sin((x add x))).png,7,7,0,9,6,9,6,7,6,7,6,7,6,7,6
900-(identity_function(square(x)) add constant(x)).png,5,10,7,6,0,7,6,7,6,7,6,7,6,7,6
901-exp((sin(x) add sin(x))).png,9,9,0,8,6,7,6,7,6,7,6,7,6,7,6
902-(sin((x multiply x)) multiply exp(square(x))).png,10,8,6,7,7,3,9,6,3,7,6,7,6,7,6
903-(square((x add x)) power constant(x)).png,5,7,7,0,10,6,4,7,6,7,6,7,6,7,6
904-(absolute((x multiply x)) power constant(x)).png,5,7,7,3,13,6,4,7,6,7,6,7,6,7,6
905-constant(x).png,5,7,6,7,6,7,6,7,6,7,6,7,6,7,6
906-tan((square(x) add sin(x))).png,9,10,0,11,6,7,6,7,6,7,6,7,6,7,6
907-(exp((x multiply x)) power constant(x)).png,5,7,7,3,8,6,4,7,6,7,6,7,6,7,6
908-absolute(sin(exp(x))).png,8,9,6,13,6,7,6,7,6,7,6,7,6,7,6
909-sin(square((x multiply x))).png,7,7,3,10,6,9,6,7,6,7,6,7,6,7,6
910-(absolute(tan(x)) subtract exp((x multiply x))).png,7,7,3,8,6,11,13,6,1,7,6,7,6,7,6
911-(absolute(identity_function(x)) power constant(x)).png,5,7,13,6,4,7,6,7,6,7,6,7,6,7,6
912-(identity_function(identity_function(x)) add constant(x)).png,5,7,7,6,0,7,6,7,6,7,6,7,6,7,6
913-absolute((square(x) add exp(x))).png,8,10,0,13,6,7,6,7,6,7,6,7,6,7,6
914-identity_function(absolute(exp(x))).png,8,13,6,7,6,7,6,7,6,7,6,7,6,7,6
915-identity_function((identity_function(x) true_divide absolute(x))).png,13,7,2,7,6,7,6,7,6,7,6,7,6,7,6
916-(log((x multiply x)) multiply absolute(sin(x))).png,9,13,6,7,7,3,12,6,3,7,6,7,6,7,6
917-constant(x).png,5,7,6,7,6,7,6,7,6,7,6,7,6,7,6
918-log(exp((x multiply x))).png,7,7,3,8,6,12,6,7,6,7,6,7,6,7,6
919-(exp((x multiply x)) subtract tan(absolute(x))).png,13,11,6,7,7,3,8,6,1,7,6,7,6,7,6
920-constant(x).png,5,7,6,7,6,7,6,7,6,7,6,7,6,7,6
921-constant(x).png,5,7,6,7,6,7,6,7,6,7,6,7,6,7,6
922-absolute((tan(x) subtract exp(x))).png,8,11,1,13,6,7,6,7,6,7,6,7,6,7,6
923-absolute(log(square(x))).png,10,12,6,13,6,7,6,7,6,7,6,7,6,7,6
924-tan((absolute(x) subtract identity_function(x))).png,7,13,1,11,6,7,6,7,6,7,6,7,6,7,6
925-(identity_function(absolute(x)) subtract constant(x)).png,5,13,7,6,1,7,6,7,6,7,6,7,6,7,6
926-(sin(tan(x)) subtract absolute(sin(x))).png,9,13,6,11,9,6,1,7,6,7,6,7,6,7,6
927-log(absolute((x add x))).png,7,7,0,13,6,12,6,7,6,7,6,7,6,7,6
928-(sin(identity_function(x)) multiply constant(x)).png,5,7,9,6,3,7,6,7,6,7,6,7,6,7,6
929-(tan(square(x)) true_divide constant(x)).png,5,10,11,6,2,7,6,7,6,7,6,7,6,7,6
930-sin(tan((x multiply x))).png,7,7,3,11,6,9,6,7,6,7,6,7,6,7,6
931-constant(x).png,5,7,6,7,6,7,6,7,6,7,6,7,6,7,6
932-sin((absolute(x) subtract square(x))).png,10,13,1,9,6,7,6,7,6,7,6,7,6,7,6
933-(constant(x) subtract absolute(tan(x))).png,11,13,6,5,1,7,6,7,6,7,6,7,6,7,6
934-square((square(x) subtract tan(x))).png,11,10,1,10,6,7,6,7,6,7,6,7,6,7,6
935-constant(x).png,5,7,6,7,6,7,6,7,6,7,6,7,6,7,6
936-tan(exp((x multiply x))).png,7,7,3,8,6,11,6,7,6,7,6,7,6,7,6
937-sin(tan(tan(x))).png,11,11,6,9,6,7,6,7,6,7,6,7,6,7,6
938-(sin(sin(x)) add constant(x)).png,5,9,9,6,0,7,6,7,6,7,6,7,6,7,6
939-(tan(exp(x)) add sin(exp(x))).png,8,9,6,8,11,6,0,7,6,7,6,7,6,7,6
940-(constant(x) true_divide identity_function(tan(x))).png,11,7,6,5,2,7,6,7,6,7,6,7,6,7,6
941-square(log((x multiply x))).png,7,7,3,12,6,10,6,7,6,7,6,7,6,7,6
942-(identity_function((x multiply x)) power log(square(x))).png,10,12,6,7,7,3,7,6,4,7,6,7,6,7,6
943-(square(identity_function(x)) subtract tan((x add x))).png,7,7,0,11,6,7,10,6,1,7,6,7,6,7,6
944-exp(sin(identity_function(x))).png,7,9,6,8,6,7,6,7,6,7,6,7,6,7,6
945-(square(exp(x)) multiply log(square(x))).png,10,12,6,8,10,6,3,7,6,7,6,7,6,7,6
946-tan(log(absolute(x))).png,13,12,6,11,6,7,6,7,6,7,6,7,6,7,6
947-sin((absolute(x) subtract tan(x))).png,11,13,1,9,6,7,6,7,6,7,6,7,6,7,6
948-(absolute(identity_function(x)) multiply constant(x)).png,5,7,13,6,3,7,6,7,6,7,6,7,6,7,6
949-(square((x add x)) true_divide constant(x)).png,5,7,7,0,10,6,2,7,6,7,6,7,6,7,6
950-tan((absolute(x) true_divide identity_function(x))).png,7,13,2,11,6,7,6,7,6,7,6,7,6,7,6
951-(absolute(exp(x)) power sin(square(x))).png,10,9,6,8,13,6,4,7,6,7,6,7,6,7,6
952-square(absolute((x multiply x))).png,7,7,3,13,6,10,6,7,6,7,6,7,6,7,6
953-(square((x multiply x)) multiply exp(identity_function(x))).png,7,8,6,7,7,3,10,6,3,7,6,7,6,7,6
954-(log((x multiply x)) subtract tan((x multiply x))).png,7,7,3,11,6,7,7,3,12,6,1,7,6,7,6
955-tan(absolute(tan(x))).png,11,13,6,11,6,7,6,7,6,7,6,7,6,7,6
956-identity_function(identity_function(absolute(x))).png,13,7,6,7,6,7,6,7,6,7,6,7,6,7,6
957-(tan(square(x)) subtract constant(x)).png,5,10,11,6,1,7,6,7,6,7,6,7,6,7,6
958-absolute((absolute(x) power sin(x))).png,9,13,4,13,6,7,6,7,6,7,6,7,6,7,6
959-absolute(absolute((x add x))).png,7,7,0,13,6,13,6,7,6,7,6,7,6,7,6
960-(constant(x) subtract identity_function(square(x))).png,10,7,6,5,1,7,6,7,6,7,6,7,6,7,6
961-absolute((square(x) true_divide exp(x))).png,8,10,2,13,6,7,6,7,6,7,6,7,6,7,6
962-absolute((square(x) power identity_function(x))).png,7,10,4,13,6,7,6,7,6,7,6,7,6,7,6
963-absolute((exp(x) add sin(x))).png,9,8,0,13,6,7,6,7,6,7,6,7,6,7,6
964-(constant(x) subtract identity_function(square(x))).png,10,7,6,5,1,7,6,7,6,7,6,7,6,7,6
965-(constant(x) true_divide identity_function(identity_function(x))).png,7,7,6,5,2,7,6,7,6,7,6,7,6,7,6
966-log((exp(x) add exp(x))).png,8,8,0,12,6,7,6,7,6,7,6,7,6,7,6
967-(square(square(x)) subtract constant(x)).png,5,10,10,6,1,7,6,7,6,7,6,7,6,7,6
968-(tan((x add x)) multiply identity_function(identity_function(x))).png,7,7,6,7,7,0,11,6,3,7,6,7,6,7,6
969-(constant(x) add log(exp(x))).png,8,12,6,5,0,7,6,7,6,7,6,7,6,7,6
970-(exp((x multiply x)) add absolute(identity_function(x))).png,7,13,6,7,7,3,8,6,0,7,6,7,6,7,6
971-(exp((x multiply x)) multiply tan(sin(x))).png,9,11,6,7,7,3,8,6,3,7,6,7,6,7,6
972-log(exp((x add x))).png,7,7,0,8,6,12,6,7,6,7,6,7,6,7,6
973-(constant(x) multiply tan((x multiply x))).png,7,7,3,11,6,5,3,7,6,7,6,7,6,7,6
974-tan(identity_function(sin(x))).png,9,7,6,11,6,7,6,7,6,7,6,7,6,7,6
975-(identity_function(identity_function(x)) true_divide constant(x)).png,5,7,7,6,2,7,6,7,6,7,6,7,6,7,6
976-(constant(x) subtract sin(exp(x))).png,8,9,6,5,1,7,6,7,6,7,6,7,6,7,6
977-tan((absolute(x) true_divide sin(x))).png,9,13,2,11,6,7,6,7,6,7,6,7,6,7,6
978-(identity_function(absolute(x)) true_divide constant(x)).png,5,13,7,6,2,7,6,7,6,7,6,7,6,7,6
979-square(exp(identity_function(x))).png,7,8,6,10,6,7,6,7,6,7,6,7,6,7,6
980-absolute(absolute(identity_function(x))).png,7,13,6,13,6,7,6,7,6,7,6,7,6,7,6
981-sin(exp(square(x))).png,10,8,6,9,6,7,6,7,6,7,6,7,6,7,6
982-sin(sin(exp(x))).png,8,9,6,9,6,7,6,7,6,7,6,7,6,7,6
983-absolute(identity_function(sin(x))).png,9,7,6,13,6,7,6,7,6,7,6,7,6,7,6
984-(constant(x) multiply constant(x)).png,5,5,3,7,6,7,6,7,6,7,6,7,6,7,6
985-(exp((x multiply x)) true_divide constant(x)).png,5,7,7,3,8,6,2,7,6,7,6,7,6,7,6
986-(constant(x) add constant(x)).png,5,5,0,7,6,7,6,7,6,7,6,7,6,7,6
987-sin(identity_function(exp(x))).png,8,7,6,9,6,7,6,7,6,7,6,7,6,7,6
988-absolute((absolute(x) power identity_function(x))).png,7,13,4,13,6,7,6,7,6,7,6,7,6,7,6
989-tan(absolute((x multiply x))).png,7,7,3,13,6,11,6,7,6,7,6,7,6,7,6
990-(constant(x) power log(square(x))).png,10,12,6,5,4,7,6,7,6,7,6,7,6,7,6
991-(identity_function(exp(x)) multiply exp(sin(x))).png,9,8,6,8,7,6,3,7,6,7,6,7,6,7,6
992-(tan((x add x)) multiply constant(x)).png,5,7,7,0,11,6,3,7,6,7,6,7,6,7,6
993-(exp(sin(x)) add constant(x)).png,5,9,8,6,0,7,6,7,6,7,6,7,6,7,6
994-(absolute(absolute(x)) true_divide identity_function(absolute(x))).png,13,7,6,13,13,6,2,7,6,7,6,7,6,7,6
995-(identity_function((x add x)) multiply sin(exp(x))).png,8,9,6,7,7,0,7,6,3,7,6,7,6,7,6
996-identity_function(identity_function((x add x))).png,7,7,0,7,6,7,6,7,6,7,6,7,6,7,6
997-sin(absolute(exp(x))).png,8,13,6,9,6,7,6,7,6,7,6,7,6,7,6
998-identity_function((identity_function(x) true_divide tan(x))).png,11,7,2,7,6,7,6,7,6,7,6,7,6,7,6
999-identity_function((absolute(x) power absolute(x))).png,13,13,4,7,6,7,6,7,6,7,6,7,6,7,6
1000-exp((sin(x) multiply identity_function(x))).png,7,9,3,8,6,7,6,7,6,7,6,7,6,7,6
